source,trajectory_id,category_original,category_unified,step_number,text_snippet
magentic_one,5f982798-16b9-4051-ab57-cfc7ebdb2a91,Instruction/Plan Adherence Failure,instruction_adherence_failure,13,Websurfer could not  download a PDF file and search throught it which was an instruction given by Or
magentic_one,5f982798-16b9-4051-ab57-cfc7ebdb2a91,Instruction/Plan Adherence Failure,instruction_adherence_failure,17,Websurfer could not  download a PDF file and search throught it which was an instruction given by Or
magentic_one,5f982798-16b9-4051-ab57-cfc7ebdb2a91,Invention of new information,invention_of_new_information,33,FileSurfer hallucinated. It downloaded the file at '/workspace/workspace/http:/export.arxiv.org/pdf/
magentic_one,c7afe00869f98cf363fd83677ac41757ed5e57f03eacc3d1304feb0a92084bd1,Instruction/Plan Adherence Failure,instruction_adherence_failure,9,The websurfer was asked to give full list of Daniel Craig movies on Netflix US with their IMDB ratin
magentic_one,c7afe00869f98cf363fd83677ac41757ed5e57f03eacc3d1304feb0a92084bd1,Misinterpretation of Tool Output,misinterpretation_of_tool_output,10,"Even though the websurfer told it had only 18% of the information, it went ahead and tried to search"
magentic_one,ebbc1f13-d24d-40df-9068-adcf735b4240,Guardrails Triggered,guardrails_triggered,17,WebSurfer could not get past Cloudflare 'verify you are not a robot' check on Collins Dictionary web
magentic_one,52f7224e9c79431e7926afe317782711a0028750693e7456cde22ef6f4bd8bd5,Instruction/Plan Adherence Failure,instruction_adherence_failure,5,Worked over 9% of the webpage despite orchestrator asking for complete information
magentic_one,52f7224e9c79431e7926afe317782711a0028750693e7456cde22ef6f4bd8bd5,Instruction/Plan Adherence Failure,instruction_adherence_failure,9,Worked over 42% of the webpage despite orchestrator asking for complete information
magentic_one,52f7224e9c79431e7926afe317782711a0028750693e7456cde22ef6f4bd8bd5,Misinterpretation of Tool Output,misinterpretation_of_tool_output,11,Searched with incomplete information
magentic_one,3af8028c2a59e28ca88baff0e6d91f2a9f170c5ef91003f1c8406755a2760ad4,Intent Plan Misalignment,intent_plan_misalignment,4,The orchestrator failed to capture user intent. The user had given two different Magic: The Gatherin
magentic_one,e6bc98089608217e45b6956a46518fe3cce64a799b3ac43c6974c449ae14c408,Instruction/Plan Adherence Failure,instruction_adherence_failure,5,Webusurfer worked on 35% of the webpage
magentic_one,e6bc98089608217e45b6956a46518fe3cce64a799b3ac43c6974c449ae14c408,Misinterpretation of Tool Output,misinterpretation_of_tool_output,7,Orchestrator said request satisfied on incomplete information
magentic_one,a1e91b78-d3d8-4675-bb8d-62741b4b68a6,Intent not supported,intent_not_supported,5,Websurfer was asked to take snapshot in youtube video but it could not do such actions
magentic_one,a1e91b78-d3d8-4675-bb8d-62741b4b68a6,Intent not supported,intent_not_supported,9,Websurfer was asked to take snapshot in youtube video but it could not do such actions
magentic_one,a1e91b78-d3d8-4675-bb8d-62741b4b68a6,Intent not supported,intent_not_supported,13,Websurfer was asked to take snapshot in youtube video but it could not do such actions
magentic_one,a1e91b78-d3d8-4675-bb8d-62741b4b68a6,Intent not supported,intent_not_supported,17,Websurfer was asked to take snapshot in youtube video but it could not do such actions
magentic_one,a1e91b78-d3d8-4675-bb8d-62741b4b68a6,Intent not supported,intent_not_supported,21,Websurfer was asked to take snapshot in youtube video but it could not do such actions
magentic_one,a1e91b78-d3d8-4675-bb8d-62741b4b68a6,Intent not supported,intent_not_supported,25,Websurfer was asked to take snapshot in youtube video but it could not do such actions
magentic_one,08cae58d-4084-4616-b6dd-dd6534e4825b,Instruction/Plan Adherence Failure,instruction_adherence_failure,5,Was not able to search for historical stock prices of apple when it first went above $50
magentic_one,08cae58d-4084-4616-b6dd-dd6534e4825b,Instruction/Plan Adherence Failure,instruction_adherence_failure,7,Was not able to search for historical stock prices of apple when it first went above $50
magentic_one,08cae58d-4084-4616-b6dd-dd6534e4825b,Instruction/Plan Adherence Failure,instruction_adherence_failure,10,Was not able to search for historical stock prices of apple when it first went above $50
magentic_one,08cae58d-4084-4616-b6dd-dd6534e4825b,Instruction/Plan Adherence Failure,instruction_adherence_failure,12,Was not able to search for historical stock prices of apple when it first went above $50
magentic_one,08cae58d-4084-4616-b6dd-dd6534e4825b,Instruction/Plan Adherence Failure,instruction_adherence_failure,14,Was not able to search for historical stock prices of apple when it first went above $50
magentic_one,08cae58d-4084-4616-b6dd-dd6534e4825b,Instruction/Plan Adherence Failure,instruction_adherence_failure,16,Was not able to search for historical stock prices of apple when it first went above $50
magentic_one,08cae58d-4084-4616-b6dd-dd6534e4825b,Instruction/Plan Adherence Failure,instruction_adherence_failure,18,Was not able to search for historical stock prices of apple when it first went above $50
magentic_one,08cae58d-4084-4616-b6dd-dd6534e4825b,Instruction/Plan Adherence Failure,instruction_adherence_failure,20,Was not able to search for historical stock prices of apple when it first went above $50
magentic_one,08cae58d-4084-4616-b6dd-dd6534e4825b,Instruction/Plan Adherence Failure,instruction_adherence_failure,22,Was not able to search for historical stock prices of apple when it first went above $50
magentic_one,08cae58d-4084-4616-b6dd-dd6534e4825b,Instruction/Plan Adherence Failure,instruction_adherence_failure,24,Was not able to search for historical stock prices of apple when it first went above $50
magentic_one,08cae58d-4084-4616-b6dd-dd6534e4825b,Instruction/Plan Adherence Failure,instruction_adherence_failure,26,Was not able to search for historical stock prices of apple when it first went above $50
magentic_one,08cae58d-4084-4616-b6dd-dd6534e4825b,Instruction/Plan Adherence Failure,instruction_adherence_failure,28,Was not able to search for historical stock prices of apple when it first went above $50
magentic_one,08cae58d-4084-4616-b6dd-dd6534e4825b,Instruction/Plan Adherence Failure,instruction_adherence_failure,30,Was not able to search for historical stock prices of apple when it first went above $50
magentic_one,08cae58d-4084-4616-b6dd-dd6534e4825b,Instruction/Plan Adherence Failure,instruction_adherence_failure,32,Was not able to search for historical stock prices of apple when it first went above $50
magentic_one,08cae58d-4084-4616-b6dd-dd6534e4825b,Instruction/Plan Adherence Failure,instruction_adherence_failure,37,Was not able to search for historical stock prices of apple when it first went above $50
magentic_one,08cae58d-4084-4616-b6dd-dd6534e4825b,Instruction/Plan Adherence Failure,instruction_adherence_failure,39,Was not able to search for historical stock prices of apple when it first went above $50
magentic_one,08cae58d-4084-4616-b6dd-dd6534e4825b,Instruction/Plan Adherence Failure,instruction_adherence_failure,41,Was not able to search for historical stock prices of apple when it first went above $50
magentic_one,08cae58d-4084-4616-b6dd-dd6534e4825b,Instruction/Plan Adherence Failure,instruction_adherence_failure,44,Was not able to search for historical stock prices of apple when it first went above $50
magentic_one,08cae58d-4084-4616-b6dd-dd6534e4825b,Instruction/Plan Adherence Failure,instruction_adherence_failure,46,Was not able to search for historical stock prices of apple when it first went above $50
magentic_one,08cae58d-4084-4616-b6dd-dd6534e4825b,Instruction/Plan Adherence Failure,instruction_adherence_failure,48,Was not able to search for historical stock prices of apple when it first went above $50
magentic_one,08cae58d-4084-4616-b6dd-dd6534e4825b,Instruction/Plan Adherence Failure,instruction_adherence_failure,50,Was not able to search for historical stock prices of apple when it first went above $50
magentic_one,08cae58d-4084-4616-b6dd-dd6534e4825b,Instruction/Plan Adherence Failure,instruction_adherence_failure,52,Was not able to search for historical stock prices of apple when it first went above $50
magentic_one,08cae58d-4084-4616-b6dd-dd6534e4825b,Instruction/Plan Adherence Failure,instruction_adherence_failure,54,Was not able to search for historical stock prices of apple when it first went above $50
magentic_one,08cae58d-4084-4616-b6dd-dd6534e4825b,Instruction/Plan Adherence Failure,instruction_adherence_failure,56,Was not able to search for historical stock prices of apple when it first went above $50
magentic_one,08cae58d-4084-4616-b6dd-dd6534e4825b,Instruction/Plan Adherence Failure,instruction_adherence_failure,58,Was not able to search for historical stock prices of apple when it first went above $50
magentic_one,08cae58d-4084-4616-b6dd-dd6534e4825b,Instruction/Plan Adherence Failure,instruction_adherence_failure,60,Was not able to search for historical stock prices of apple when it first went above $50
magentic_one,08cae58d-4084-4616-b6dd-dd6534e4825b,Instruction/Plan Adherence Failure,instruction_adherence_failure,62,Was not able to search for historical stock prices of apple when it first went above $50
magentic_one,08cae58d-4084-4616-b6dd-dd6534e4825b,Instruction/Plan Adherence Failure,instruction_adherence_failure,64,Was not able to search for historical stock prices of apple when it first went above $50
magentic_one,08cae58d-4084-4616-b6dd-dd6534e4825b,Instruction/Plan Adherence Failure,instruction_adherence_failure,66,Was not able to search for historical stock prices of apple when it first went above $50
magentic_one,08cae58d-4084-4616-b6dd-dd6534e4825b,Instruction/Plan Adherence Failure,instruction_adherence_failure,71,Was not able to search for historical stock prices of apple when it first went above $50
magentic_one,08cae58d-4084-4616-b6dd-dd6534e4825b,Instruction/Plan Adherence Failure,instruction_adherence_failure,73,Was not able to search for historical stock prices of apple when it first went above $50
magentic_one,08cae58d-4084-4616-b6dd-dd6534e4825b,Instruction/Plan Adherence Failure,instruction_adherence_failure,75,Was not able to search for historical stock prices of apple when it first went above $50
magentic_one,08cae58d-4084-4616-b6dd-dd6534e4825b,Instruction/Plan Adherence Failure,instruction_adherence_failure,77,Was not able to search for historical stock prices of apple when it first went above $50
magentic_one,08cae58d-4084-4616-b6dd-dd6534e4825b,Instruction/Plan Adherence Failure,instruction_adherence_failure,79,Was not able to search for historical stock prices of apple when it first went above $50
magentic_one,08cae58d-4084-4616-b6dd-dd6534e4825b,Instruction/Plan Adherence Failure,instruction_adherence_failure,81,Was not able to search for historical stock prices of apple when it first went above $50
magentic_one,08cae58d-4084-4616-b6dd-dd6534e4825b,Instruction/Plan Adherence Failure,instruction_adherence_failure,83,Was not able to search for historical stock prices of apple when it first went above $50
magentic_one,08cae58d-4084-4616-b6dd-dd6534e4825b,Instruction/Plan Adherence Failure,instruction_adherence_failure,85,Was not able to search for historical stock prices of apple when it first went above $50
magentic_one,08cae58d-4084-4616-b6dd-dd6534e4825b,Instruction/Plan Adherence Failure,instruction_adherence_failure,87,Was not able to search for historical stock prices of apple when it first went above $50
magentic_one,08cae58d-4084-4616-b6dd-dd6534e4825b,Instruction/Plan Adherence Failure,instruction_adherence_failure,89,Was not able to search for historical stock prices of apple when it first went above $50
magentic_one,08cae58d-4084-4616-b6dd-dd6534e4825b,Instruction/Plan Adherence Failure,instruction_adherence_failure,91,Was not able to search for historical stock prices of apple when it first went above $50
magentic_one,08cae58d-4084-4616-b6dd-dd6534e4825b,Instruction/Plan Adherence Failure,instruction_adherence_failure,93,Was not able to search for historical stock prices of apple when it first went above $50
magentic_one,08cae58d-4084-4616-b6dd-dd6534e4825b,Instruction/Plan Adherence Failure,instruction_adherence_failure,98,Was not able to search for historical stock prices of apple when it first went above $50
magentic_one,08cae58d-4084-4616-b6dd-dd6534e4825b,Instruction/Plan Adherence Failure,instruction_adherence_failure,100,Was not able to search for historical stock prices of apple when it first went above $50
magentic_one,08cae58d-4084-4616-b6dd-dd6534e4825b,Instruction/Plan Adherence Failure,instruction_adherence_failure,102,Was not able to search for historical stock prices of apple when it first went above $50
magentic_one,08cae58d-4084-4616-b6dd-dd6534e4825b,Instruction/Plan Adherence Failure,instruction_adherence_failure,104,Was not able to search for historical stock prices of apple when it first went above $50
magentic_one,08cae58d-4084-4616-b6dd-dd6534e4825b,Instruction/Plan Adherence Failure,instruction_adherence_failure,106,Was not able to search for historical stock prices of apple when it first went above $50
magentic_one,08cae58d-4084-4616-b6dd-dd6534e4825b,Instruction/Plan Adherence Failure,instruction_adherence_failure,108,Was not able to search for historical stock prices of apple when it first went above $50
magentic_one,08cae58d-4084-4616-b6dd-dd6534e4825b,Instruction/Plan Adherence Failure,instruction_adherence_failure,110,Was not able to search for historical stock prices of apple when it first went above $50
magentic_one,08cae58d-4084-4616-b6dd-dd6534e4825b,Instruction/Plan Adherence Failure,instruction_adherence_failure,112,Was not able to search for historical stock prices of apple when it first went above $50
magentic_one,08cae58d-4084-4616-b6dd-dd6534e4825b,Instruction/Plan Adherence Failure,instruction_adherence_failure,114,Was not able to search for historical stock prices of apple when it first went above $50
magentic_one,08cae58d-4084-4616-b6dd-dd6534e4825b,Instruction/Plan Adherence Failure,instruction_adherence_failure,116,Was not able to search for historical stock prices of apple when it first went above $50
magentic_one,08cae58d-4084-4616-b6dd-dd6534e4825b,Instruction/Plan Adherence Failure,instruction_adherence_failure,118,Was not able to search for historical stock prices of apple when it first went above $50
magentic_one,08cae58d-4084-4616-b6dd-dd6534e4825b,Instruction/Plan Adherence Failure,instruction_adherence_failure,120,Was not able to search for historical stock prices of apple when it first went above $50
magentic_one,08cae58d-4084-4616-b6dd-dd6534e4825b,Instruction/Plan Adherence Failure,instruction_adherence_failure,126,Was not able to search for historical stock prices of apple when it first went above $50
magentic_one,08cae58d-4084-4616-b6dd-dd6534e4825b,Instruction/Plan Adherence Failure,instruction_adherence_failure,128,Was not able to search for historical stock prices of apple when it first went above $50
magentic_one,ccec2229ced20a4b0cb4897e3a99120a3017ea030903e01c9bda6b13d40b0b14,Intent Plan Misalignment,intent_plan_misalignment,7,"User's intent was to find closest eatery open at 11pm on Wednesdays, but the Orchestrator just searc"
magentic_one,ccec2229ced20a4b0cb4897e3a99120a3017ea030903e01c9bda6b13d40b0b14,Instruction/Plan Adherence Failure,instruction_adherence_failure,9,WebSurfer failed to follow the instruction and did not give exhaustive list of eateries.
magentic_one,ccec2229ced20a4b0cb4897e3a99120a3017ea030903e01c9bda6b13d40b0b14,Misinterpretation of Tool Output,misinterpretation_of_tool_output,10,Orchestrator worked on incomplete information on whatever the list was given by WebSurfer.
magentic_one,6b06d186921b8b390c65aebd0d16f09f60a47d2f1288ebe36953f734e84c0a3c,Guardrails Triggered,guardrails_triggered,17,jailbreak=true. Error code: 40. ResponsibleAIPolicyViolation. The response was filtered due to the p
magentic_one,8b3379c0-0981-4f5b-8407-6444610cb212,Intent Plan Misalignment,intent_plan_misalignment,4,keyword Monterey Bay Aquarium was not used in the search query given by Orchestrator to Websufer to 
magentic_one,840bfca7-4f7b-481a-8794-c560c340185d,Guardrails Triggered,guardrails_triggered,25,"ResponsibleAIPolicyViolation (jailbreak=true), Error code: 400. ResponsibleAIPolicyViolation. The re"
magentic_one,8ad84bd6fe38481ba49e7ad1f6fbd43219a999074e5c6fc940003281f55ec65b,Instruction/Plan Adherence Failure,instruction_adherence_failure,9,Websurfer did not give complete list of supermarkets within 2 blocks of Lincoln Park in Chicago with
magentic_one,8ad84bd6fe38481ba49e7ad1f6fbd43219a999074e5c6fc940003281f55ec65b,Misinterpretation of Tool Output,misinterpretation_of_tool_output,10,Orchestrator worked on incomplete information on whatever the list was given by WebSurfer.
magentic_one,8ad84bd6fe38481ba49e7ad1f6fbd43219a999074e5c6fc940003281f55ec65b,Instruction/Plan Adherence Failure,instruction_adherence_failure,13,Websurfer clicked on Whole Foods website but did not search for ready-to-eat salad under $15.
magentic_one,8ad84bd6fe38481ba49e7ad1f6fbd43219a999074e5c6fc940003281f55ec65b,Misinterpretation of Tool Output,misinterpretation_of_tool_output,14,Orchestrator assumed that Whole foods doesn't have salad under $15
magentic_one,8ad84bd6fe38481ba49e7ad1f6fbd43219a999074e5c6fc940003281f55ec65b,Instruction/Plan Adherence Failure,instruction_adherence_failure,17,Websurfer clicked on Trader Joes webiste but did not search for ready-to-eat salad under $15
magentic_one,8ad84bd6fe38481ba49e7ad1f6fbd43219a999074e5c6fc940003281f55ec65b,Misinterpretation of Tool Output,misinterpretation_of_tool_output,18,Orchestrator assumed that Trader Joe doesn't have salad under $15
magentic_one,8ad84bd6fe38481ba49e7ad1f6fbd43219a999074e5c6fc940003281f55ec65b,Guardrails Triggered,guardrails_triggered,44,Error code: 400. ResponsibleAIPolicyViolation. The response was filtered due to the prompt triggerin
magentic_one,1f975693-876d-457b-a649-393859e79bf3,Intent not supported,intent_not_supported,4,Orchestrator misunderstood the role of FileSurfer and gave it incorrect instructions to listen to au
magentic_one,1f975693-876d-457b-a649-393859e79bf3,Intent not supported,intent_not_supported,12,Orchestrator misunderstood the role of FileSurfer and gave it incorrect instructions to listen to au
magentic_one,1f975693-876d-457b-a649-393859e79bf3,Intent not supported,intent_not_supported,16,Orchestrator misunderstood the role of FileSurfer and gave it incorrect instructions to listen to au
magentic_one,1f975693-876d-457b-a649-393859e79bf3,Instruction/Plan Adherence Failure,instruction_adherence_failure,51,Instruction/Plan Adherence Failure
magentic_one,1f975693-876d-457b-a649-393859e79bf3,Instruction/Plan Adherence Failure,instruction_adherence_failure,55,Instruction/Plan Adherence Failure
magentic_one,1f975693-876d-457b-a649-393859e79bf3,Intent not supported,intent_not_supported,57,Orchestrator misunderstood the role of FileSurfer and gave it incorrect instructions to listen to au
magentic_one,1f975693-876d-457b-a649-393859e79bf3,Instruction/Plan Adherence Failure,instruction_adherence_failure,62,Instruction/Plan Adherence Failure
magentic_one,1f975693-876d-457b-a649-393859e79bf3,Instruction/Plan Adherence Failure,instruction_adherence_failure,66,Instruction/Plan Adherence Failure
magentic_one,1f975693-876d-457b-a649-393859e79bf3,Instruction/Plan Adherence Failure,instruction_adherence_failure,70,Instruction/Plan Adherence Failure
magentic_one,1f975693-876d-457b-a649-393859e79bf3,Instruction/Plan Adherence Failure,instruction_adherence_failure,74,Instruction/Plan Adherence Failure
magentic_one,1f975693-876d-457b-a649-393859e79bf3,Instruction/Plan Adherence Failure,instruction_adherence_failure,78,Instruction/Plan Adherence Failure
magentic_one,1f975693-876d-457b-a649-393859e79bf3,Instruction/Plan Adherence Failure,instruction_adherence_failure,82,Instruction/Plan Adherence Failure
magentic_one,1f975693-876d-457b-a649-393859e79bf3,Instruction/Plan Adherence Failure,instruction_adherence_failure,86,Instruction/Plan Adherence Failure
magentic_one,1f975693-876d-457b-a649-393859e79bf3,Instruction/Plan Adherence Failure,instruction_adherence_failure,90,Instruction/Plan Adherence Failure
magentic_one,1f975693-876d-457b-a649-393859e79bf3,Intent not supported,intent_not_supported,96,Orchestrator misunderstood the role of FileSurfer and gave it incorrect instructions to find a text 
magentic_one,1f975693-876d-457b-a649-393859e79bf3,Instruction/Plan Adherence Failure,instruction_adherence_failure,104,Instruction/Plan Adherence Failure
magentic_one,1f975693-876d-457b-a649-393859e79bf3,Instruction/Plan Adherence Failure,instruction_adherence_failure,108,Instruction/Plan Adherence Failure
magentic_one,1f975693-876d-457b-a649-393859e79bf3,Instruction/Plan Adherence Failure,instruction_adherence_failure,110,Instruction/Plan Adherence Failure
magentic_one,1f975693-876d-457b-a649-393859e79bf3,Instruction/Plan Adherence Failure,instruction_adherence_failure,116,Instruction/Plan Adherence Failure
magentic_one,114d5fd0-e2ae-4b6d-a65a-870da2d19c08,Intent not supported,intent_not_supported,19,Orchestrator misunderstood the role of FileSurfer and gave it to read the content of a PDF file
magentic_one,114d5fd0-e2ae-4b6d-a65a-870da2d19c08,Intent not supported,intent_not_supported,23,Orchestrator misunderstood the role of FileSurfer and gave it to read the content of a PDF file
magentic_one,114d5fd0-e2ae-4b6d-a65a-870da2d19c08,Intent not supported,intent_not_supported,27,Orchestrator misunderstood the role of FileSurfer and gave it to read the content of a PDF file
magentic_one,114d5fd0-e2ae-4b6d-a65a-870da2d19c08,Intent not supported,intent_not_supported,31,Orchestrator misunderstood the role of FileSurfer and gave it to read the content of a PDF file
magentic_one,114d5fd0-e2ae-4b6d-a65a-870da2d19c08,Guardrails Triggered,guardrails_triggered,33,Error code: 400. ResponsibleAIPolicyViolation. The response was filtered due to the prompt triggerin
magentic_one,2ddae3b7a208e3c25f14d82d7a1faaaa1832fbf950b4dac345e755c4c361f294,Instruction/Plan Adherence Failure,instruction_adherence_failure,9,Failed to follow price listings on the webpage and did not extract the lowest price for a Single Fam
magentic_one,2ddae3b7a208e3c25f14d82d7a1faaaa1832fbf950b4dac345e755c4c361f294,Instruction/Plan Adherence Failure,instruction_adherence_failure,13,Failed to perform refined search on zillow
magentic_one,2ddae3b7a208e3c25f14d82d7a1faaaa1832fbf950b4dac345e755c4c361f294,Instruction/Plan Adherence Failure,instruction_adherence_failure,17,Failed to perform relevant search
magentic_one,2ddae3b7a208e3c25f14d82d7a1faaaa1832fbf950b4dac345e755c4c361f294,Instruction/Plan Adherence Failure,instruction_adherence_failure,25,Failed to perform refined search on realtor
magentic_one,2ddae3b7a208e3c25f14d82d7a1faaaa1832fbf950b4dac345e755c4c361f294,Instruction/Plan Adherence Failure,instruction_adherence_failure,36,Failed to perform refined search
magentic_one,2ddae3b7a208e3c25f14d82d7a1faaaa1832fbf950b4dac345e755c4c361f294,Instruction/Plan Adherence Failure,instruction_adherence_failure,40,Failed to perform refined search
magentic_one,2ddae3b7a208e3c25f14d82d7a1faaaa1832fbf950b4dac345e755c4c361f294,Instruction/Plan Adherence Failure,instruction_adherence_failure,52,Failed to perform refined search
magentic_one,2ddae3b7a208e3c25f14d82d7a1faaaa1832fbf950b4dac345e755c4c361f294,Instruction/Plan Adherence Failure,instruction_adherence_failure,59,Failed to perform refined search
magentic_one,2ddae3b7a208e3c25f14d82d7a1faaaa1832fbf950b4dac345e755c4c361f294,Guardrails Triggered,guardrails_triggered,63,Verify you are not a bot error
magentic_one,2ddae3b7a208e3c25f14d82d7a1faaaa1832fbf950b4dac345e755c4c361f294,Instruction/Plan Adherence Failure,instruction_adherence_failure,75,Failed to perform refined search
magentic_one,2ddae3b7a208e3c25f14d82d7a1faaaa1832fbf950b4dac345e755c4c361f294,Instruction/Plan Adherence Failure,instruction_adherence_failure,79,Failed to perform refined search
magentic_one,2ddae3b7a208e3c25f14d82d7a1faaaa1832fbf950b4dac345e755c4c361f294,Intent not supported,intent_not_supported,92,Asked websurfer to email
magentic_one,2ddae3b7a208e3c25f14d82d7a1faaaa1832fbf950b4dac345e755c4c361f294,Intent not supported,intent_not_supported,96,Asked websurfer to email
magentic_one,2ddae3b7a208e3c25f14d82d7a1faaaa1832fbf950b4dac345e755c4c361f294,Intent not supported,intent_not_supported,100,Asked websurfer to email
magentic_one,2ddae3b7a208e3c25f14d82d7a1faaaa1832fbf950b4dac345e755c4c361f294,Intent not supported,intent_not_supported,104,Asked websurfer to email
magentic_one,2ddae3b7a208e3c25f14d82d7a1faaaa1832fbf950b4dac345e755c4c361f294,Intent not supported,intent_not_supported,108,Asked websurfer to email
magentic_one,2ddae3b7a208e3c25f14d82d7a1faaaa1832fbf950b4dac345e755c4c361f294,Intent not supported,intent_not_supported,112,Asked websurfer to email
magentic_one,2ddae3b7a208e3c25f14d82d7a1faaaa1832fbf950b4dac345e755c4c361f294,Instruction/Plan Adherence Failure,instruction_adherence_failure,118,Failed to perform refined search
magentic_one,0ec4371851b96837b0a81b3dd3df401415061bb532fbafeb4609f3337c358508,Instruction/Plan Adherence Failure,instruction_adherence_failure,9,Websurfer did not give a full list of gyms within 5 miles of the Mothman Museum. Provided partial l 
magentic_one,0ec4371851b96837b0a81b3dd3df401415061bb532fbafeb4609f3337c358508,Misinterpretation of Tool Output,misinterpretation_of_tool_output,10,Orchestrator started verification on incomplete information from Websurfer
magentic_one,5d0080cb-90d7-4712-bc33-848150e917d3,Instruction/Plan Adherence Failure,instruction_adherence_failure,13,Was not able download paper PDF
magentic_one,5d0080cb-90d7-4712-bc33-848150e917d3,Invention of new information,invention_of_new_information,15,Hallucinated that PDF is downloaded
magentic_one,5d0080cb-90d7-4712-bc33-848150e917d3,Instruction/Plan Adherence Failure,instruction_adherence_failure,17,Websurfer was to examine content of PDF (wrongly assumed to be downloaded) to find volume of fish ba
magentic_one,5d0080cb-90d7-4712-bc33-848150e917d3,Invention of new information,invention_of_new_information,19,Hallucinated that PDF is downloaded
magentic_one,5d0080cb-90d7-4712-bc33-848150e917d3,Intent not supported,intent_not_supported,21,"Filesurfer was asked to examine content of PDF (wrongly assumed to be downloaded), it said file not "
magentic_one,5d0080cb-90d7-4712-bc33-848150e917d3,Invalid Invocation,invalid_invocation,34,Orchestrator did not give clear instruction to Filesurfer on how to check downloaded file it could h
magentic_one,5d0080cb-90d7-4712-bc33-848150e917d3,Invention of new information,invention_of_new_information,35,Hallucinated some random file location
magentic_one,5d0080cb-90d7-4712-bc33-848150e917d3,Invention of new information,invention_of_new_information,50,Hallucinated that the file was downloaded by Websurfer (2nd attempt)
magentic_one,5d0080cb-90d7-4712-bc33-848150e917d3,Guardrails Triggered,guardrails_triggered,51,"ResponsibleAIPolicyViolation (jailbreak=true), Error code: 400. ResponsibleAIPolicyViolation. The re"
magentic_one,6e3be83d1949fa52cba03fb1ce4b5b3bf7e37a83fd7d67694b10b2e439d90cf8,Instruction/Plan Adherence Failure,instruction_adherence_failure,9,"Websurfer could not verify if the gyms were within 5 minutes walk from NYSE, just gave random list o"
magentic_one,6e3be83d1949fa52cba03fb1ce4b5b3bf7e37a83fd7d67694b10b2e439d90cf8,Misinterpretation of Tool Output,misinterpretation_of_tool_output,10,Orchestrator assumed the websurfer is giving list of gyms within 5 minutes walk from NYSE but it was
magentic_one,6e3be83d1949fa52cba03fb1ce4b5b3bf7e37a83fd7d67694b10b2e439d90cf8,Misinterpretation of Tool Output,misinterpretation_of_tool_output,11,Orchestrator assumed the websurfer is giving list of gyms within 5 minutes walk from NYSE but it was
magentic_one,6e3be83d1949fa52cba03fb1ce4b5b3bf7e37a83fd7d67694b10b2e439d90cf8,Misinterpretation of Tool Output,misinterpretation_of_tool_output,15,Orchestrator assumed the websurfer is giving list of gyms within 5 minutes walk from NYSE but it was
magentic_one,6e3be83d1949fa52cba03fb1ce4b5b3bf7e37a83fd7d67694b10b2e439d90cf8,Misinterpretation of Tool Output,misinterpretation_of_tool_output,19,Orchestrator assumed the websurfer is giving list of gyms within 5 minutes walk from NYSE but it was
magentic_one,6e3be83d1949fa52cba03fb1ce4b5b3bf7e37a83fd7d67694b10b2e439d90cf8,Instruction/Plan Adherence Failure,instruction_adherence_failure,21,Websurfer could have clicked on martial art tab but it clicked on details first
magentic_one,6e3be83d1949fa52cba03fb1ce4b5b3bf7e37a83fd7d67694b10b2e439d90cf8,Instruction/Plan Adherence Failure,instruction_adherence_failure,25,Websurfer did not gather address of gym
magentic_one,6e3be83d1949fa52cba03fb1ce4b5b3bf7e37a83fd7d67694b10b2e439d90cf8,Guardrails Triggered,guardrails_triggered,29,ResponsibleAIPolicyViolation (jailbreak=true)
magentic_one,797f7a5b65ca28b7e7156e7db1e9f117bd4a021de0cd512bfdbb0be897d89eab,Instruction/Plan Adherence Failure,instruction_adherence_failure,6,Orchestrator asked websurfer to give list of restaurents with vegan mains under $15 but websurfer fa
magentic_one,797f7a5b65ca28b7e7156e7db1e9f117bd4a021de0cd512bfdbb0be897d89eab,Misinterpretation of Tool Output,misinterpretation_of_tool_output,7,Orchestrator worked on whatever list was provided by the websurfer did not check if was comprehensiv
magentic_one,797f7a5b65ca28b7e7156e7db1e9f117bd4a021de0cd512bfdbb0be897d89eab,Instruction/Plan Adherence Failure,instruction_adherence_failure,10,Websurfer did not check vegan mains on the specified restaurent and just surfed the website
magentic_one,797f7a5b65ca28b7e7156e7db1e9f117bd4a021de0cd512bfdbb0be897d89eab,Instruction/Plan Adherence Failure,instruction_adherence_failure,14,Websurfer did not check vegan mains on the specified restaurent and just surfed the website
magentic_one,797f7a5b65ca28b7e7156e7db1e9f117bd4a021de0cd512bfdbb0be897d89eab,Instruction/Plan Adherence Failure,instruction_adherence_failure,18,Websurfer did not check vegan mains on the specified restaurent and just surfed the website
magentic_one,797f7a5b65ca28b7e7156e7db1e9f117bd4a021de0cd512bfdbb0be897d89eab,Instruction/Plan Adherence Failure,instruction_adherence_failure,22,Websurfer did not check vegan mains on the specified restaurent and just surfed the website
magentic_one,797f7a5b65ca28b7e7156e7db1e9f117bd4a021de0cd512bfdbb0be897d89eab,Instruction/Plan Adherence Failure,instruction_adherence_failure,30,Websurfer did not check vegan mains on the specified restaurent and just surfed the website
magentic_one,797f7a5b65ca28b7e7156e7db1e9f117bd4a021de0cd512bfdbb0be897d89eab,Instruction/Plan Adherence Failure,instruction_adherence_failure,34,Websurfer did not check vegan mains on the specified restaurent and just surfed the website
magentic_one,797f7a5b65ca28b7e7156e7db1e9f117bd4a021de0cd512bfdbb0be897d89eab,Instruction/Plan Adherence Failure,instruction_adherence_failure,38,Websurfer did not check vegan mains on the specified restaurent and just surfed the website
magentic_one,797f7a5b65ca28b7e7156e7db1e9f117bd4a021de0cd512bfdbb0be897d89eab,Instruction/Plan Adherence Failure,instruction_adherence_failure,42,Websurfer did not check vegan mains on the specified restaurent and just surfed the website
magentic_one,797f7a5b65ca28b7e7156e7db1e9f117bd4a021de0cd512bfdbb0be897d89eab,Instruction/Plan Adherence Failure,instruction_adherence_failure,46,Websurfer did not check vegan mains on the specified restaurent and just surfed the website
magentic_one,797f7a5b65ca28b7e7156e7db1e9f117bd4a021de0cd512bfdbb0be897d89eab,Intent Plan Misalignment,intent_plan_misalignment,51,Orchestrator came up with a plan based on incomplete information and asked to search for casual or e
magentic_one,797f7a5b65ca28b7e7156e7db1e9f117bd4a021de0cd512bfdbb0be897d89eab,Instruction/Plan Adherence Failure,instruction_adherence_failure,53,Websurfer did not check vegan mains on the specified restaurent and just surfed the website
magentic_one,797f7a5b65ca28b7e7156e7db1e9f117bd4a021de0cd512bfdbb0be897d89eab,Instruction/Plan Adherence Failure,instruction_adherence_failure,57,Websurfer did not check vegan mains on the specified restaurent and just surfed the website
magentic_one,797f7a5b65ca28b7e7156e7db1e9f117bd4a021de0cd512bfdbb0be897d89eab,Instruction/Plan Adherence Failure,instruction_adherence_failure,61,Websurfer did not check vegan mains on the specified restaurent and just surfed the website
magentic_one,797f7a5b65ca28b7e7156e7db1e9f117bd4a021de0cd512bfdbb0be897d89eab,Instruction/Plan Adherence Failure,instruction_adherence_failure,65,Websurfer did not check vegan mains on the specified restaurent and just surfed the website
magentic_one,797f7a5b65ca28b7e7156e7db1e9f117bd4a021de0cd512bfdbb0be897d89eab,Instruction/Plan Adherence Failure,instruction_adherence_failure,69,Websurfer did not check vegan mains on the specified restaurent and just surfed the website
magentic_one,797f7a5b65ca28b7e7156e7db1e9f117bd4a021de0cd512bfdbb0be897d89eab,Instruction/Plan Adherence Failure,instruction_adherence_failure,73,Websurfer did not check vegan mains on the specified restaurent and just surfed the website
magentic_one,797f7a5b65ca28b7e7156e7db1e9f117bd4a021de0cd512bfdbb0be897d89eab,Instruction/Plan Adherence Failure,instruction_adherence_failure,77,Websurfer did not check vegan mains on the specified restaurent and just surfed the website
magentic_one,797f7a5b65ca28b7e7156e7db1e9f117bd4a021de0cd512bfdbb0be897d89eab,Instruction/Plan Adherence Failure,instruction_adherence_failure,81,Websurfer did not check vegan mains on the specified restaurent and just surfed the website
magentic_one,797f7a5b65ca28b7e7156e7db1e9f117bd4a021de0cd512bfdbb0be897d89eab,Instruction/Plan Adherence Failure,instruction_adherence_failure,85,Websurfer did not check vegan mains on the specified restaurent and just surfed the website
magentic_one,797f7a5b65ca28b7e7156e7db1e9f117bd4a021de0cd512bfdbb0be897d89eab,Instruction/Plan Adherence Failure,instruction_adherence_failure,89,Websurfer did not check vegan mains on the specified restaurent and just surfed the website
magentic_one,797f7a5b65ca28b7e7156e7db1e9f117bd4a021de0cd512bfdbb0be897d89eab,Instruction/Plan Adherence Failure,instruction_adherence_failure,93,Websurfer did not check vegan mains on the specified restaurent and just surfed the website
magentic_one,797f7a5b65ca28b7e7156e7db1e9f117bd4a021de0cd512bfdbb0be897d89eab,Instruction/Plan Adherence Failure,instruction_adherence_failure,97,Websurfer did not check vegan mains on the specified restaurent and just surfed the website
magentic_one,797f7a5b65ca28b7e7156e7db1e9f117bd4a021de0cd512bfdbb0be897d89eab,Intent Plan Misalignment,intent_plan_misalignment,109,Orchestrator came up with a plan based on incomplete information and asked to search for casual or e
magentic_one,797f7a5b65ca28b7e7156e7db1e9f117bd4a021de0cd512bfdbb0be897d89eab,Guardrails Triggered,guardrails_triggered,113,RAI Policy Violation + Website not allowing agent access
magentic_one,624cbf11-6a41-4692-af9c-36b3e5ca3130,Instruction/Plan Adherence Failure,instruction_adherence_failure,13,Websurfer did provide flavours but did not provide the year information. Basically it should have un
magentic_one,624cbf11-6a41-4692-af9c-36b3e5ca3130,Instruction/Plan Adherence Failure,instruction_adherence_failure,17,Websurfer did provide flavours but did not provide the year information. Basically it should have un
magentic_one,624cbf11-6a41-4692-af9c-36b3e5ca3130,Instruction/Plan Adherence Failure,instruction_adherence_failure,21,Websurfer did provide flavours but did not provide the year information. Basically it should have un
magentic_one,624cbf11-6a41-4692-af9c-36b3e5ca3130,Instruction/Plan Adherence Failure,instruction_adherence_failure,25,Websurfer did provide flavours but did not provide the year information. Basically it should have un
magentic_one,624cbf11-6a41-4692-af9c-36b3e5ca3130,Misinterpretation of Tool Output,misinterpretation_of_tool_output,27,Orchestrator worked on information without year info and guessed two potential flavours which are ol
magentic_one,624cbf11-6a41-4692-af9c-36b3e5ca3130,Misinterpretation of Tool Output,misinterpretation_of_tool_output,31,Orchestrator worked on information without year info and guessed two potential flavours which are ol
magentic_one,624cbf11-6a41-4692-af9c-36b3e5ca3130,Instruction/Plan Adherence Failure,instruction_adherence_failure,37,Websurfer did not provide all the information about wavy gravy flavour
magentic_one,624cbf11-6a41-4692-af9c-36b3e5ca3130,Instruction/Plan Adherence Failure,instruction_adherence_failure,44,Websurfer cannot provide date related information
magentic_one,624cbf11-6a41-4692-af9c-36b3e5ca3130,Instruction/Plan Adherence Failure,instruction_adherence_failure,48,Websurfer cannot provide date related information
magentic_one,624cbf11-6a41-4692-af9c-36b3e5ca3130,Instruction/Plan Adherence Failure,instruction_adherence_failure,52,Websurfer cannot provide date related information
magentic_one,624cbf11-6a41-4692-af9c-36b3e5ca3130,Instruction/Plan Adherence Failure,instruction_adherence_failure,56,Websurfer cannot provide date related information
magentic_one,624cbf11-6a41-4692-af9c-36b3e5ca3130,Instruction/Plan Adherence Failure,instruction_adherence_failure,64,Websurfer cannot provide date related information
magentic_one,624cbf11-6a41-4692-af9c-36b3e5ca3130,Instruction/Plan Adherence Failure,instruction_adherence_failure,68,Websurfer cannot provide date related information
magentic_one,624cbf11-6a41-4692-af9c-36b3e5ca3130,Instruction/Plan Adherence Failure,instruction_adherence_failure,72,Websurfer cannot provide date related information
magentic_one,624cbf11-6a41-4692-af9c-36b3e5ca3130,Instruction/Plan Adherence Failure,instruction_adherence_failure,79,Websurfer did not inspect image and the last line
magentic_one,624cbf11-6a41-4692-af9c-36b3e5ca3130,Instruction/Plan Adherence Failure,instruction_adherence_failure,86,Websurfer did not inspect image and the last line
magentic_one,624cbf11-6a41-4692-af9c-36b3e5ca3130,Instruction/Plan Adherence Failure,instruction_adherence_failure,90,Could not inspect the photo or image and the last line
magentic_one,624cbf11-6a41-4692-af9c-36b3e5ca3130,Instruction/Plan Adherence Failure,instruction_adherence_failure,94,Could not inspect the photo or image and the last line
magentic_one,624cbf11-6a41-4692-af9c-36b3e5ca3130,Instruction/Plan Adherence Failure,instruction_adherence_failure,98,Could not inspect the photo or image and the last line
magentic_one,624cbf11-6a41-4692-af9c-36b3e5ca3130,Instruction/Plan Adherence Failure,instruction_adherence_failure,102,Could not inspect the photo or image and the last line
magentic_one,624cbf11-6a41-4692-af9c-36b3e5ca3130,Instruction/Plan Adherence Failure,instruction_adherence_failure,106,Could not inspect the photo or image and the last line
magentic_one,624cbf11-6a41-4692-af9c-36b3e5ca3130,Instruction/Plan Adherence Failure,instruction_adherence_failure,110,Could not inspect the photo or image and the last line
magentic_one,624cbf11-6a41-4692-af9c-36b3e5ca3130,Instruction/Plan Adherence Failure,instruction_adherence_failure,121,Could not inspect the photo or image and the last line
magentic_one,624cbf11-6a41-4692-af9c-36b3e5ca3130,Instruction/Plan Adherence Failure,instruction_adherence_failure,125,Could not inspect the photo or image and the last line
magentic_one,624cbf11-6a41-4692-af9c-36b3e5ca3130,Instruction/Plan Adherence Failure,instruction_adherence_failure,129,Could not inspect the photo or image and the last line
magentic_one,16d825ff-1623-4176-a5b5-42e0f5c2b0ac,Instruction/Plan Adherence Failure,instruction_adherence_failure,5,WebSurfer did not get arrival time information which is important
magentic_one,16d825ff-1623-4176-a5b5-42e0f5c2b0ac,Instruction/Plan Adherence Failure,instruction_adherence_failure,13,WebSurfer did  scroll but did not get information for specified date
magentic_one,16d825ff-1623-4176-a5b5-42e0f5c2b0ac,Instruction/Plan Adherence Failure,instruction_adherence_failure,17,WebSurfer did not get information for specified date
magentic_one,16d825ff-1623-4176-a5b5-42e0f5c2b0ac,Instruction/Plan Adherence Failure,instruction_adherence_failure,25,WebSurfer did not get information for specified date
magentic_one,16d825ff-1623-4176-a5b5-42e0f5c2b0ac,Instruction/Plan Adherence Failure,instruction_adherence_failure,29,WebSurfer did not get information for specified date
magentic_one,16d825ff-1623-4176-a5b5-42e0f5c2b0ac,Instruction/Plan Adherence Failure,instruction_adherence_failure,33,WebSurfer did not get information for specified date
magentic_one,16d825ff-1623-4176-a5b5-42e0f5c2b0ac,Instruction/Plan Adherence Failure,instruction_adherence_failure,37,WebSurfer did not get information for specified date
magentic_one,16d825ff-1623-4176-a5b5-42e0f5c2b0ac,Instruction/Plan Adherence Failure,instruction_adherence_failure,41,WebSurfer did not get information for specified date
magentic_one,16d825ff-1623-4176-a5b5-42e0f5c2b0ac,Instruction/Plan Adherence Failure,instruction_adherence_failure,56,WebSurfer did not get information for specified date
magentic_one,16d825ff-1623-4176-a5b5-42e0f5c2b0ac,Instruction/Plan Adherence Failure,instruction_adherence_failure,60,WebSurfer did not get information for specified date
magentic_one,16d825ff-1623-4176-a5b5-42e0f5c2b0ac,Intent Plan Misalignment,intent_plan_misalignment,66,Orchestrator try to contact through email which might not be good strategy
magentic_one,16d825ff-1623-4176-a5b5-42e0f5c2b0ac,Intent Plan Misalignment,intent_plan_misalignment,70,Orchestrator did not properly interpret user intent again trying to email which is not good strategy
magentic_one,16d825ff-1623-4176-a5b5-42e0f5c2b0ac,Intent Plan Misalignment,intent_plan_misalignment,74,Orchestrator did not properly interpret user intent again trying to email which is not good strategy
magentic_one,16d825ff-1623-4176-a5b5-42e0f5c2b0ac,Intent Plan Misalignment,intent_plan_misalignment,78,Orchestrator did not properly interpret user intent again trying to email which is not good strategy
magentic_one,16d825ff-1623-4176-a5b5-42e0f5c2b0ac,Intent Plan Misalignment,intent_plan_misalignment,82,Orchestrator did not properly interpret user intent again trying to email which is not good strategy
magentic_one,16d825ff-1623-4176-a5b5-42e0f5c2b0ac,Intent Plan Misalignment,intent_plan_misalignment,86,Orchestrator did not properly interpret user intent again trying to email which is not good strategy
magentic_one,16d825ff-1623-4176-a5b5-42e0f5c2b0ac,Intent Plan Misalignment,intent_plan_misalignment,90,Orchestrator did not properly interpret user intent again trying to email which is not good strategy
magentic_one,16d825ff-1623-4176-a5b5-42e0f5c2b0ac,Intent Plan Misalignment,intent_plan_misalignment,101,Orchestrator did not properly interpret user intent again trying to email which is not good strategy
magentic_one,16d825ff-1623-4176-a5b5-42e0f5c2b0ac,Intent Plan Misalignment,intent_plan_misalignment,105,Orchestrator did not properly interpret user intent again trying to email which is not good strategy
magentic_one,16d825ff-1623-4176-a5b5-42e0f5c2b0ac,Intent Plan Misalignment,intent_plan_misalignment,109,Orchestrator did not properly interpret user intent again trying to email which is not good strategy
magentic_one,16d825ff-1623-4176-a5b5-42e0f5c2b0ac,Intent Plan Misalignment,intent_plan_misalignment,116,Orchestrator did not properly interpret user intent again trying to email which is not good strategy
magentic_one,16d825ff-1623-4176-a5b5-42e0f5c2b0ac,Intent Plan Misalignment,intent_plan_misalignment,120,Orchestrator did not properly interpret user intent again trying to email/phone which is not good st
magentic_one,55f4258484c5b398956133128a50462a767da211f8f72aa5ac5bbffb9bcbba1a,Instruction/Plan Adherence Failure,instruction_adherence_failure,5,did not provide full list of movies/series with Ted Danson
magentic_one,55f4258484c5b398956133128a50462a767da211f8f72aa5ac5bbffb9bcbba1a,Instruction/Plan Adherence Failure,instruction_adherence_failure,12,did not provide full list of movies/series with Ted Danson
magentic_one,55f4258484c5b398956133128a50462a767da211f8f72aa5ac5bbffb9bcbba1a,Instruction/Plan Adherence Failure,instruction_adherence_failure,16,did not provide full list of movies/series with Ted Danson
magentic_one,55f4258484c5b398956133128a50462a767da211f8f72aa5ac5bbffb9bcbba1a,Instruction/Plan Adherence Failure,instruction_adherence_failure,20,did not provide full list of movies/series with Ted Danson
magentic_one,55f4258484c5b398956133128a50462a767da211f8f72aa5ac5bbffb9bcbba1a,Instruction/Plan Adherence Failure,instruction_adherence_failure,24,did not provide full list of movies/series with Ted Danson
magentic_one,55f4258484c5b398956133128a50462a767da211f8f72aa5ac5bbffb9bcbba1a,Instruction/Plan Adherence Failure,instruction_adherence_failure,28,did not provide full list of movies/series with Ted Danson
magentic_one,55f4258484c5b398956133128a50462a767da211f8f72aa5ac5bbffb9bcbba1a,Instruction/Plan Adherence Failure,instruction_adherence_failure,32,did not provide full list of movies/series with Ted Danson
magentic_one,55f4258484c5b398956133128a50462a767da211f8f72aa5ac5bbffb9bcbba1a,Instruction/Plan Adherence Failure,instruction_adherence_failure,36,did not provide full list of movies/series with Ted Danson
magentic_one,55f4258484c5b398956133128a50462a767da211f8f72aa5ac5bbffb9bcbba1a,Instruction/Plan Adherence Failure,instruction_adherence_failure,43,did not provide full list of movies/series with Ted Danson
magentic_one,55f4258484c5b398956133128a50462a767da211f8f72aa5ac5bbffb9bcbba1a,Instruction/Plan Adherence Failure,instruction_adherence_failure,47,did not provide full list of movies/series with Ted Danson
magentic_one,55f4258484c5b398956133128a50462a767da211f8f72aa5ac5bbffb9bcbba1a,Instruction/Plan Adherence Failure,instruction_adherence_failure,51,did not provide full list of movies/series with Ted Danson
magentic_one,55f4258484c5b398956133128a50462a767da211f8f72aa5ac5bbffb9bcbba1a,Instruction/Plan Adherence Failure,instruction_adherence_failure,55,did not provide full list of movies/series with Ted Danson
magentic_one,55f4258484c5b398956133128a50462a767da211f8f72aa5ac5bbffb9bcbba1a,Instruction/Plan Adherence Failure,instruction_adherence_failure,59,did not provide full list of movies/series with Ted Danson
magentic_one,55f4258484c5b398956133128a50462a767da211f8f72aa5ac5bbffb9bcbba1a,Instruction/Plan Adherence Failure,instruction_adherence_failure,63,did not provide full list of movies/series with Ted Danson
magentic_one,55f4258484c5b398956133128a50462a767da211f8f72aa5ac5bbffb9bcbba1a,Instruction/Plan Adherence Failure,instruction_adherence_failure,70,did not provide full list of movies/series with Ted Danson
magentic_one,55f4258484c5b398956133128a50462a767da211f8f72aa5ac5bbffb9bcbba1a,Instruction/Plan Adherence Failure,instruction_adherence_failure,74,did not provide full list of movies/series with Ted Danson
magentic_one,55f4258484c5b398956133128a50462a767da211f8f72aa5ac5bbffb9bcbba1a,Instruction/Plan Adherence Failure,instruction_adherence_failure,78,did not provide full list of movies/series with Ted Danson
magentic_one,55f4258484c5b398956133128a50462a767da211f8f72aa5ac5bbffb9bcbba1a,Instruction/Plan Adherence Failure,instruction_adherence_failure,82,did not provide full list of movies/series with Ted Danson
magentic_one,55f4258484c5b398956133128a50462a767da211f8f72aa5ac5bbffb9bcbba1a,Guardrails Triggered,guardrails_triggered,86,RAI Policy Violation + Website not allowing agent access
magentic_one,557e78eceec08ca8b0da5f9fdaca6e1c7ec6140a8ce600983ee716327dab005e,Instruction/Plan Adherence Failure,instruction_adherence_failure,9,Did not provide complete list of bars that are closest to Mummers Museum
magentic_one,557e78eceec08ca8b0da5f9fdaca6e1c7ec6140a8ce600983ee716327dab005e,Misinterpretation of Tool Output,misinterpretation_of_tool_output,14,Started working on whatever list was provided by WebSurfer without verifying if it was complete
magentic_one,557e78eceec08ca8b0da5f9fdaca6e1c7ec6140a8ce600983ee716327dab005e,Instruction/Plan Adherence Failure,instruction_adherence_failure,20,Did not provide distance information for bars that are closest to Mummers Museum
magentic_one,557e78eceec08ca8b0da5f9fdaca6e1c7ec6140a8ce600983ee716327dab005e,Instruction/Plan Adherence Failure,instruction_adherence_failure,24,Did not provide distance information for bars that are closest to Mummers Museum
magentic_one,557e78eceec08ca8b0da5f9fdaca6e1c7ec6140a8ce600983ee716327dab005e,Instruction/Plan Adherence Failure,instruction_adherence_failure,28,Did not provide distance information for bars that are closest to Mummers Museum
magentic_one,557e78eceec08ca8b0da5f9fdaca6e1c7ec6140a8ce600983ee716327dab005e,Guardrails Triggered,guardrails_triggered,32,ResponsibleAIPolicyViolation (jailbreak=true)
magentic_one,72c06643-a2fa-4186-aa5c-9ec33ae9b445,Guardrails Triggered,guardrails_triggered,9,Websurfer got verify you are not a robot
magentic_one,72c06643-a2fa-4186-aa5c-9ec33ae9b445,Guardrails Triggered,guardrails_triggered,21,Websurfer got verify you are not a robot
magentic_one,72c06643-a2fa-4186-aa5c-9ec33ae9b445,Misinterpretation of Tool Output,misinterpretation_of_tool_output,25,Assistant did not have the correct information of density of freon-12 at the temperature of the mari
magentic_one,2dfc4c37-fec1-4518-84a7-10095d30ad75,Misinterpretation of Tool Output,misinterpretation_of_tool_output,17,Assistant omitted a movie name from top 10 domestic movies list and thus got the final answer wrong
magentic_one,a3fbeb63-0e8c-4a11-bff6-0e3b484c3e9c,Guardrails Triggered,guardrails_triggered,21,ResponsibleAIPolicyViolation (jailbreak=True)
magentic_one,929b45f34805280d77c61d1e093e3d4e551d77ddb6ecd73552b12b1af286388d,Instruction/Plan Adherence Failure,instruction_adherence_failure,5,WebSurfer was asked to collect genome files from May 2020 but did not ensure the files were from tha
magentic_one,929b45f34805280d77c61d1e093e3d4e551d77ddb6ecd73552b12b1af286388d,Misinterpretation of Tool Output,misinterpretation_of_tool_output,7,Orchestrator did not verify the information from WebSurfer and proceeded with the incorrect informat
magentic_one,42576abe-0deb-4869-8c63-225c2d75a95a,Misinterpretation of Tool Output,misinterpretation_of_tool_output,2,The orchestrator hallucinated in identifying the object of verb-object-subject in the sentence. Even
magentic_one,14569e28-c88c-43e4-8c32-097d35b9a67d,Invention of new information,invention_of_new_information,12,"The assistant invented a new operator in Unlambda that does not exist, leading to an incorrect answe"
magentic_one,2aa5dd83fbcd0dce9a3dd4592106e5b5edf738008d932e357d477bba80e59ccf,Guardrails Triggered,guardrails_triggered,5,ResponsibleAIPolicyViolation (jailbreak=True)
magentic_one,42d4198c-5895-4f0a-b0c0-424a66465d83,Misinterpretation of Tool Output,misinterpretation_of_tool_output,19,Orchestrator thought the request is satisfied even though the request was not satisfied
magentic_one,72e110e7-464c-453c-a309-90a95aed6538,Instruction/Plan Adherence Failure,instruction_adherence_failure,5,
magentic_one,72e110e7-464c-453c-a309-90a95aed6538,Guardrails Triggered,guardrails_triggered,9,
magentic_one,748899d9d70c09beb3bd48ac8a3658bdcfd2f9114fe6dc4c4b8d2f9541ef4607,Instruction/Plan Adherence Failure,instruction_adherence_failure,32,"The Websurfer failed to get cost estimates from FedEx from Rio de Janeiro to NYC, missing a key part"
magentic_one,748899d9d70c09beb3bd48ac8a3658bdcfd2f9114fe6dc4c4b8d2f9541ef4607,Instruction/Plan Adherence Failure,instruction_adherence_failure,36,"The Websurfer failed to get cost estimates from USPS from Rio de Janeiro to NYC, missing a key part "
magentic_one,748899d9d70c09beb3bd48ac8a3658bdcfd2f9114fe6dc4c4b8d2f9541ef4607,Instruction/Plan Adherence Failure,instruction_adherence_failure,40,"The Websurfer failed to get cost estimates from DHL from Rio de Janeiro to NYC, missing a key part o"
magentic_one,748899d9d70c09beb3bd48ac8a3658bdcfd2f9114fe6dc4c4b8d2f9541ef4607,Instruction/Plan Adherence Failure,instruction_adherence_failure,55,The Websurfer failed to get a quote from DHL from Rio de Janeiro to NYC instead just clicked on acce
magentic_one,748899d9d70c09beb3bd48ac8a3658bdcfd2f9114fe6dc4c4b8d2f9541ef4607,Instruction/Plan Adherence Failure,instruction_adherence_failure,71,The Websurfer typed USA but it should have typed NYC to get accurate pricing information.
magentic_one,748899d9d70c09beb3bd48ac8a3658bdcfd2f9114fe6dc4c4b8d2f9541ef4607,Instruction/Plan Adherence Failure,instruction_adherence_failure,91,The Websurfer failed to get quote from DHL website and also did not checkmark that envelope only con
magentic_one,748899d9d70c09beb3bd48ac8a3658bdcfd2f9114fe6dc4c4b8d2f9541ef4607,Instruction/Plan Adherence Failure,instruction_adherence_failure,95,The websurfer was asked to go for USPS website but is stayed on DHL website
magentic_one,748899d9d70c09beb3bd48ac8a3658bdcfd2f9114fe6dc4c4b8d2f9541ef4607,Invention of new information,invention_of_new_information,124,The Orchestrator fabricated pricing information without any basis from the web search results
magentic_one,9baaa267c95f9d8b75741ee9169c50563d297cfa592c20deaffd30dbc5984c74,Instruction/Plan Adherence Failure,instruction_adherence_failure,21,Websurfer failed to type dates into the website to get relevant weather data.
magentic_one,9baaa267c95f9d8b75741ee9169c50563d297cfa592c20deaffd30dbc5984c74,Instruction/Plan Adherence Failure,instruction_adherence_failure,25,Websurfer failed to type dates into the website to get relevant weather data.
magentic_one,9baaa267c95f9d8b75741ee9169c50563d297cfa592c20deaffd30dbc5984c74,Instruction/Plan Adherence Failure,instruction_adherence_failure,29,Websurfer failed to type dates into the website to get relevant weather data.
magentic_one,9baaa267c95f9d8b75741ee9169c50563d297cfa592c20deaffd30dbc5984c74,Instruction/Plan Adherence Failure,instruction_adherence_failure,33,Websurfer failed to type dates into the website to get relevant weather data.
magentic_one,9baaa267c95f9d8b75741ee9169c50563d297cfa592c20deaffd30dbc5984c74,Guardrails Triggered,guardrails_triggered,53,Max time (1500s) reached
magentic_one,b36ef2d8f2643b80e74a44ce3403f674ecb2aed7fd36afeaa289061a59feef92,Instruction/Plan Adherence Failure,instruction_adherence_failure,5,WebSurfer did not provide complete list of gyms within 200m of Tompkins Square Park
magentic_one,b36ef2d8f2643b80e74a44ce3403f674ecb2aed7fd36afeaa289061a59feef92,Misinterpretation of Tool Output,misinterpretation_of_tool_output,7,Orchestrator failed to correctly interpret WebSurfer's output and assumed that partial gyms given by
magentic_one,b36ef2d8f2643b80e74a44ce3403f674ecb2aed7fd36afeaa289061a59feef92,Guardrails Triggered,guardrails_triggered,21,RAI Policy Violation + Website not allowing agent access
magentic_one,73c1b9fe-ee1d-4cf4-96ca-35c08f97b054,Guardrails Triggered,guardrails_triggered,13,Websurfer was searching for alligator information and suddenly the RAI Policy violation from openAI 
magentic_one,0a65cb96-cb6e-4a6a-8aae-c1084f613456,Instruction/Plan Adherence Failure,instruction_adherence_failure,56,The WebSurfer failed to put the year '2015' to get NASA Astronomy Pictures of the Day for that year.
magentic_one,0a65cb96-cb6e-4a6a-8aae-c1084f613456,Instruction/Plan Adherence Failure,instruction_adherence_failure,64,The WebSurfer failed to put the year '2015' to get NASA Astronomy Pictures of the Day for that year.
magentic_one,0a65cb96-cb6e-4a6a-8aae-c1084f613456,Guardrails Triggered,guardrails_triggered,93,The WebSurfer attempted to access a website but got RAI Policy Violation from openAI
magentic_one,56137764-b4e0-45b8-9c52-1866420c3df5,Guardrails Triggered,guardrails_triggered,5,The agent encountered a policy violation when attempting to access website. The response was filtere
magentic_one,9e31099fffa6a3891c94934fd4fc2f3f522d51c1904ff3561f3a10e4bf245821,Instruction/Plan Adherence Failure,instruction_adherence_failure,41,"The WebSurfer agent failed to search for relevant business news articles, financial news reports, or"
magentic_one,9e31099fffa6a3891c94934fd4fc2f3f522d51c1904ff3561f3a10e4bf245821,Instruction/Plan Adherence Failure,instruction_adherence_failure,59,The WebSurfer was asked to confirm if bloomberg contains information about the c-suite executives at
magentic_one,9e31099fffa6a3891c94934fd4fc2f3f522d51c1904ff3561f3a10e4bf245821,Instruction/Plan Adherence Failure,instruction_adherence_failure,90,The WebSurfer was asked to visit SEC-EDGAR database and get the list of c-suite executives at the ti
magentic_one,9e31099fffa6a3891c94934fd4fc2f3f522d51c1904ff3561f3a10e4bf245821,Instruction/Plan Adherence Failure,instruction_adherence_failure,113,The WebSurfer was asked to visit the link 'monday.com - Corporate Governance - Management Team' and 
magentic_one,9e31099fffa6a3891c94934fd4fc2f3f522d51c1904ff3561f3a10e4bf245821,Instruction/Plan Adherence Failure,instruction_adherence_failure,117,The websurfer was asked to click on monday.com press release link but instead it clicked Editors’ & 
magentic_one,9e31099fffa6a3891c94934fd4fc2f3f522d51c1904ff3561f3a10e4bf245821,Instruction/Plan Adherence Failure,instruction_adherence_failure,121,The websurfer was asked to click on monday.com press release link but instead it Search tab in on no
magentic_one,9e31099fffa6a3891c94934fd4fc2f3f522d51c1904ff3561f3a10e4bf245821,Guardrails Triggered,guardrails_triggered,129,Max rounds reached (30)
magentic_one,b816bfce-3d80-4913-a07d-69b752ce6377,Invention of new information,invention_of_new_information,17,Orchestrator assumed that a file is downloaded when it was not
magentic_one,b816bfce-3d80-4913-a07d-69b752ce6377,Guardrails Triggered,guardrails_triggered,24,The response was filtered due to the prompt triggering Azure OpenAI's content management policy
magentic_one,57d9dc6935e8a40b02e7f8ec81768fe70e68a0c05f6866927c9fda38db38a486,Instruction/Plan Adherence Failure,instruction_adherence_failure,17,Websurfer was asked to check for membership or annual pass but instead clicked on control
magentic_one,57d9dc6935e8a40b02e7f8ec81768fe70e68a0c05f6866927c9fda38db38a486,Instruction/Plan Adherence Failure,instruction_adherence_failure,21,WebSurfer was asked to check for membership or annual pass but instead clicked on licked FIELD TRIPS
magentic_one,57d9dc6935e8a40b02e7f8ec81768fe70e68a0c05f6866927c9fda38db38a486,Intent Plan Misalignment,intent_plan_misalignment,31,Orchestrator failed to capture 2 adults and 2 kids in the final calculation. Only calculated for 2 a
magentic_one,a9074997e698f912b9e751779ea19c1e92fa148404e90e0ae997acea3f9559b0,Intent Plan Misalignment,intent_plan_misalignment,4,The orchestrator did not search on tripadvisor website even though the user specifically requested h
magentic_one,a9074997e698f912b9e751779ea19c1e92fa148404e90e0ae997acea3f9559b0,Misinterpretation of Tool Output,misinterpretation_of_tool_output,34,The Orchestrator worked on partial hike information from previous steps which was not given from tri
magentic_one,a9074997e698f912b9e751779ea19c1e92fa148404e90e0ae997acea3f9559b0,Guardrails Triggered,guardrails_triggered,52,The response was filtered due to the prompt triggering Azure OpenAI's content management policy
magentic_one,f88066d274e265edd6cd9d61cd80a41accb3a14baf2297652fdd05cdf716d455,System Failure,system_failure,17,The orchestration did not respond to websurfer and the agentic run abruptly stopped.
tau_retail,2,Instruction Adherence Failure,instruction_adherence_failure,3,"At step 3, the assistant agent did not authenticate user information before proceeding to provide in"
tau_retail,2,Misinterpretation of Tool Output,misinterpretation_of_tool_output,7,"At step 7, the agent did not correctly count the number of available t-shirts from the tool call res"
tau_retail,3,Instruction Adherence Failure,instruction_adherence_failure,3,"At step 3, The assistant agent did not authenticate user information before proceeding to provide in"
tau_retail,3,Misinterpretation of Tool Output,misinterpretation_of_tool_output,7,"At step 7, the agent did not correctly count the number of available t-shirts from the tool call res"
tau_retail,4,Misinterpretation of Tool Output,misinterpretation_of_tool_output,15,"At step 15, the assistant agent incorrectly counted the number of available t-shirts."
tau_retail,12,Instruction Adherence Failure,instruction_adherence_failure,19,"At step 19, the assistant agent did not ask user for confirmation and payment method before initiati"
tau_retail,20,Misinterpretation of Tool Output,misinterpretation_of_tool_output,21,"At step 21, the assistant mistook two of the orders which were processed as delivered"
tau_retail,20,Misinterpretation of Tool Output,misinterpretation_of_tool_output,41,"At step 41, the assistant mistook the replacement item as available while it was actually out of sto"
tau_retail,20,Invalid Invocation,invalid_invocation,49,"At step 49, the assistant tried to exchange delivered items for a order that is in processed status "
tau_retail,20,Invalid Invocation,invalid_invocation,61,"At step 61, the assistant again tried to exchange delivered items for a order that is in processed s"
tau_retail,21,Underspecified User Intent,underspecified_user_intent,28,"At step 28, the user agent insisted on exchange of an item in 'pending' status which is not valid ac"
tau_retail,21,Instruction Adherence Failure,instruction_adherence_failure,41,"At step 41, the assistant did not explicitly ask for payment method from the user when modifying a p"
tau_retail,28,Intent Plan Misalignment,intent_plan_misalignment,33,"At step 33,  the assistant mistakenly believes that it can cancel a subset of a pending order which "
tau_retail,31,Intent Plan Misalignment,intent_plan_misalignment,31,"At step 31, the assistant mistakenly believes that it can cancel a subset of a pending order which i"
tau_retail,32,Misinterpretation of Tool Output,misinterpretation_of_tool_output,11,"At step 11, the assistant mistakenly provided tracking number of wrong order which did not even cont"
tau_retail,34,Invalid Invocation,invalid_invocation,17,"At step 17, the assistant uses modify order to cancel a subset of orders, however modify orders also"
tau_retail,34,Invalid Invocation,invalid_invocation,21,"At step 21, the assistant tries to bypass the modify tool argument restriction by trying to modify t"
tau_retail,34,Underspecified User Intent,underspecified_user_intent,30,"At step 30, the user does not ask the assistant to modify the address of the current pending order b"
tau_retail,38,Misinterpretation of Tool Output,misinterpretation_of_tool_output,37,"At step 37, for the umbrella, it picks an item that is cheapest but is not available. the assistant "
tau_retail,39,Intent Plan Misalignment,intent_plan_misalignment,17,"At step 17, the assistant agent believes that it cannot find the latest address from the current ord"
tau_retail,41,Intent Plan Misalignment,intent_plan_misalignment,17,"At step 17, the assistant agent modified the items in the pending order which locked it and hence ca"
tau_retail,47,Intent Not Supported,intent_not_supported,19,"At step 19, the assistant prematurely called transfer to human tool whereas it should have first cal"
tau_retail,55,Underspecified User Intent,underspecified_user_intent,32,"The user asked the assistant to return the air purifier, smart watch, and coffee maker while it shou"
tau_retail,59,Underspecified User Intent,underspecified_user_intent,14,The user agent incorrectly assumed that one order was older than the other even when the assistant s
tau_retail,63,Underspecified User Intent,underspecified_user_intent,32,"In step 32, the user agent asked the assistant to add an item to a pending order instead of replacin"
tau_retail,71,Underspecified User Intent,underspecified_user_intent,24,"At step 24, the task instruction did not specify the type of black lamp and since there are multiple"
tau_retail,71,Intent Plan Misalignment,intent_plan_misalignment,27,Assistant prematurely called modify items tool on a pending order which locked the order and the use
tau_retail,72,Intent Plan Misalignment,intent_plan_misalignment,21,"At step 21, the assistant modifies order items before modifying address which locks in the order and"
tau_retail,74,Instruction Adherence Failure,instruction_adherence_failure,21,"At step 21, the agent called exchange order items tool on an order which is still in pending status "
tau_retail,74,Underspecified User Intent,underspecified_user_intent,24,"At step 24, the user agent asked the assistant to cancel the order instead of modifying it contrary "
tau_retail,79,Underspecified User Intent,underspecified_user_intent,20,The task instruction did not specify the color of the 1000ml bottle to be exchanged whether it was r
tau_retail,80,System Failure,system_failure,26,The execution of the assistant ended prematurely because of system failure.
tau_retail,82,Underspecified User Intent,underspecified_user_intent,20,"At step 20, the user agent asked the assistant to the return the tablets from both the orders, howev"
tau_retail,87,Intent Plan Misalignment,intent_plan_misalignment,37,The assistant agent should have modified all the three pending order addresses but it only modified 
tau_retail,91,Underspecified User Intent,underspecified_user_intent,34,"The user agent asked the assistant to also return the tablet from order #W3239882, however, this was"
tau_retail,98,Intent Plan Misalignment,intent_plan_misalignment,21,The assistant agent first modified the items in the pending orders before modifying the addresses wh
tau_retail,99,Instruction Adherence Failure,instruction_adherence_failure,35,The assistant while exchanging the delivered order items used the incorrect credit card. The task in
tau_retail,104,Misinterpretation of Tool Output,misinterpretation_of_tool_output,57,The assistant mentioned to the user that the cancelled order #W1154986 did not have a tracking numbe
tau_retail,105,Intent Not Supported,intent_not_supported,43,The assistant tries to modify the address after the modifying the pending order items which is not s
who_and_when,4dbedc5e1a0205e14b7ff3ba89bce3060dab15d0ada3b7e1351a6f2aa8287aec,The agent fails to collect price data for the daily tickets and season passes for California's Great America in 2024.,unclassified,1,The agent fails to collect price data for the daily tickets and season passes for California's Great
who_and_when,ccec2229ced20a4b0cb4897e3a99120a3017ea030903e01c9bda6b13d40b0b14,The Python code is incorrect.,code_error,3,The Python code is incorrect.
who_and_when,f3917a3d-1d17-4ee2-90c5-683b072218fe,The plan to solve the problem is incorrect.,unclassified,0,The plan to solve the problem is incorrect.
who_and_when,ec09fa32-d03f-4bf8-84b0-1f16922c3ae4,"The agent made an error in the simulation implementation, resulting in an incorrect outcome.",unclassified,1,"The agent made an error in the simulation implementation, resulting in an incorrect outcome."
who_and_when,a1e91b78-d3d8-4675-bb8d-62741b4b68a6,"The agent assumes that the video is available for download, exhausting the step limit.",resource_abuse,0,"The agent assumes that the video is available for download, exhausting the step limit."
who_and_when,b7f857e4-d8aa-4387-af2a-0e844df5b9d8,"The script failed to locate the C++ code on the webpage because it was not targeting the correct elements. Despite multiple attempts to extract the code, the specific structure or class of the C++ content was overlooked.",unclassified,5,The script failed to locate the C++ code on the webpage because it was not targeting the correct ele
who_and_when,9318445f-fe6a-4e1b-acbf-c68228c9906a,The expert misinterprets the output of the OCR function and provides the simplified fractions in an incorrect format.,misinterpretation,2,The expert misinterprets the output of the OCR function and provides the simplified fractions in an 
who_and_when,0ec4371851b96837b0a81b3dd3df401415061bb532fbafeb4609f3337c358508,"The code is incorrect, as executing it returns no output.",code_error,0,"The code is incorrect, as executing it returns no output."
who_and_when,42576abe-0deb-4869-8c63-225c2d75a95a,"The reasoning provided by Tizin_Translation_Expert is incorrect, as the accusative case should be used instead of the nominative case when expressing oneself.",unclassified,1,"The reasoning provided by Tizin_Translation_Expert is incorrect, as the accusative case should be us"
who_and_when,0512426f-4d28-49f0-be77-06d05daec096,The agent hallucinates the video ID and calls the tool with placeholder data. The task is not attempted.,hallucination,1,The agent hallucinates the video ID and calls the tool with placeholder data. The task is not attemp
who_and_when,bfcd99e1-0690-4b53-a85c-0174a8629083,The code is wrong.,code_error,0,The code is wrong.
who_and_when,0383a3ee-47a7-41a4-b493-519bdefe0488,The AnimalBehavior_Expert provides no useful information.,unclassified,8,The AnimalBehavior_Expert provides no useful information.
who_and_when,4e615af6f0348597b4133cc1ec5418bb3f35328e3d95e23a275027cee97b5e09,"The Paintball_Expert provides incorrect addresses for karting tracks and paintball venues in Cologne, Germany. The expert should take the necessary steps to gather accurate information. These inaccuracies result in the failure of subsequent processes and exhaust the step limit.",resource_abuse,3,The Paintball_Expert provides incorrect addresses for karting tracks and paintball venues in Cologne
who_and_when,e1fc63a2-da7a-432f-be78-7c4a95598703,"The agent made a mistake in rounding the calculated time to the nearest 1,000 hours. The calculated time was approximately 16,788.35 hours, which should have been rounded to 17,000 hours. However, the agent incorrectly rounded the value to 16,000 hours instead.",unclassified,4,"The agent made a mistake in rounding the calculated time to the nearest 1,000 hours. The calculated "
who_and_when,b816bfce-3d80-4913-a07d-69b752ce6377,"The code calls the arxiv_search tool; however, using other tools, such as perform_web_search, would be more appropriate because arXiv is primarily academically oriented.",unclassified,1,"The code calls the arxiv_search tool; however, using other tools, such as perform_web_search, would "
who_and_when,5d0080cb-90d7-4712-bc33-848150e917d3,Made an incorrect assumption that the PDF file was available and accessible.,factual_error,5,Made an incorrect assumption that the PDF file was available and accessible.
who_and_when,48eb8242-1099-4c26-95d4-ef22b002457a,The agent failed to locate the correct URL for the dataset from the USGS Nonindigenous Aquatic Species database.,tool_web_failure,8,The agent failed to locate the correct URL for the dataset from the USGS Nonindigenous Aquatic Speci
who_and_when,46719c30-f4c3-4cad-be07-d5cb21eee6bb,The expert failed to identify the correct title of the first paper authored by Pietro Murano.,unclassified,5,The expert failed to identify the correct title of the first paper authored by Pietro Murano.
who_and_when,557e78eceec08ca8b0da5f9fdaca6e1c7ec6140a8ce600983ee716327dab005e,The code provided by the BingAPI_Expert is incorrect.,code_error,3,The code provided by the BingAPI_Expert is incorrect.
who_and_when,023e9d44-96ae-4eed-b912-244ee8c3b994,"The conversation did not verify the exact recycling rate from the Wikipedia link, which was a crucial step in validating the total amount of money. Assumptions based on general knowledge were made instead of confirming the specific rate from Wikipedia.",unclassified,5,"The conversation did not verify the exact recycling rate from the Wikipedia link, which was a crucia"
who_and_when,3ff6b7a9-a5bd-4412-ad92-0cd0d45c0fee,"The step assumed the extracted population value (56,583) was the 2020 estimate without verifying its accuracy or time frame, leading to an incorrect interpretation.",misinterpretation,4,"The step assumed the extracted population value (56,583) was the 2020 estimate without verifying its"
who_and_when,9baaa267c95f9d8b75741ee9169c50563d297cfa592c20deaffd30dbc5984c74,"The agent assumes the existence of the file houston_weather_june_2020_2023.csv, which is not provided in the task. The agent should search for the data source and create the file before proceeding with the analysis.",hallucination,1,"The agent assumes the existence of the file houston_weather_june_2020_2023.csv, which is not provide"
who_and_when,08f3a05f-5947-4089-a4c4-d4bcfaa6b7a0,The agent wrote incorrect code to calculate the desired value.,code_error,3,The agent wrote incorrect code to calculate the desired value.
who_and_when,50ec8903-b81f-4257-9450-1085afd2c319,The answer provided by Cubing_Expert was incorrect.,unclassified,1,The answer provided by Cubing_Expert was incorrect.
who_and_when,e29834fd-413a-455c-a33e-c3915b07401c,"The expert wrote code with bugs, leading the following experts to follow the same method for extracting winner information in an incorrect way.",unclassified,3,"The expert wrote code with bugs, leading the following experts to follow the same method for extract"
who_and_when,99da66d8af02491f98b98c56b26c709e773b5a2ad945fb280375951ba600de09,"The price in this Python program is not the actual price, yet the Verification_Expert directly used it for calculation.",unclassified,2,"The price in this Python program is not the actual price, yet the Verification_Expert directly used "
who_and_when,a0c07678-e491-4bbc-8f0b-07405144218f,"The expert wrote code with bugs multiple times, leading to the exhaustion of the step limits.",resource_abuse,5,"The expert wrote code with bugs multiple times, leading to the exhaustion of the step limits."
who_and_when,ed58682d-bc52-4baa-9eb0-4eb81e1edacc,The expert made a factual error. Thriller is not a song but an album.,factual_error,0,The expert made a factual error. Thriller is not a song but an album.
who_and_when,52f7224e9c79431e7926afe317782711a0028750693e7456cde22ef6f4bd8bd5,The list of films provided by the Filmography_Expert is incorrect.,unclassified,1,The list of films provided by the Filmography_Expert is incorrect.
who_and_when,6b06d186921b8b390c65aebd0d16f09f60a47d2f1288ebe36953f734e84c0a3c,The code provided by the Verification_Expert is unreasonable.,code_error,1,The code provided by the Verification_Expert is unreasonable.
who_and_when,0bb3b44a-ede5-4db5-a520-4e844b0079c5,"The conversion process from the Babylonian number system to decimal numbers is flawed, which would result in an incorrect calculation.",unclassified,1,"The conversion process from the Babylonian number system to decimal numbers is flawed, which would r"
who_and_when,d1af70ea-a9a4-421a-b9cc-94b5e02f1788,"The agent fabricated the population figures for Seattle and Colville, resulting in an incorrect calculation of the population difference.",hallucination,5,"The agent fabricated the population figures for Seattle and Colville, resulting in an incorrect calc"
who_and_when,8ad84bd6fe38481ba49e7ad1f6fbd43219a999074e5c6fc940003281f55ec65b,"The agent incorrectly assumes that there are 20 blocks per mile. According to available sources, in Chicago, one mile consists of 16 east-west blocks or 8 north-south blocks.",unclassified,1,"The agent incorrectly assumes that there are 20 blocks per mile. According to available sources, in "
who_and_when,2a649bb1-795f-4a01-b3be-9a01868dae73,The agent provided information that is completely irrelevant to the problems.,unclassified,0,The agent provided information that is completely irrelevant to the problems.
who_and_when,27d5d136-8563-469e-92bf-fd103c28b57c,The proposed method to solve the problem is incorrect because no Python code is provided.,code_error,0,The proposed method to solve the problem is incorrect because no Python code is provided.
who_and_when,6e3be83d1949fa52cba03fb1ce4b5b3bf7e37a83fd7d67694b10b2e439d90cf8,"The expert does not verify the schedule; instead, it merely assumes that the schedule is correct.",unclassified,5,"The expert does not verify the schedule; instead, it merely assumes that the schedule is correct."
who_and_when,cca530fc-4052-43b2-b130-b30968d8aa44,The agent directly reaches a conclusion without taking any actual actions.,unclassified,7,The agent directly reaches a conclusion without taking any actual actions.
who_and_when,f88066d274e265edd6cd9d61cd80a41accb3a14baf2297652fdd05cdf716d455,"Instead of browsing the web, the agent fabricates the process of data collection and verification.",hallucination,7,"Instead of browsing the web, the agent fabricates the process of data collection and verification."
who_and_when,b36ef2d8f2643b80e74a44ce3403f674ecb2aed7fd36afeaa289061a59feef92,"The Verification_Expert fails to identify issues with other agents, namely the Fitness_Expert and Local_Knowledge_Expert, who are not providing accurate information. These agents should utilize tools such as Python to obtain the correct data.",unclassified,6,"The Verification_Expert fails to identify issues with other agents, namely the Fitness_Expert and Lo"
who_and_when,7d4a7d1d-cac6-44a8-96e8-ea9584a70825,"The WomenInComputerScienceHistory_Expert did not extract the correct information. The end year should be 2017, not 2022.",unclassified,3,The WomenInComputerScienceHistory_Expert did not extract the correct information. The end year shoul
who_and_when,ecbc4f94-95a3-4cc7-b255-6741a458a625,The code provided by DataExtraction_Expert is incorrect. Executing the code did not yield the correct information.,code_error,1,The code provided by DataExtraction_Expert is incorrect. Executing the code did not yield the correc
who_and_when,08cae58d-4084-4616-b6dd-dd6534e4825b,The code provided by FinancialData_Expert is incorrect.,code_error,0,The code provided by FinancialData_Expert is incorrect.
who_and_when,8b3379c0-0981-4f5b-8407-6444610cb212,The expert did not perform any verifications and instead directly gave the conclusion.,unclassified,4,The expert did not perform any verifications and instead directly gave the conclusion.
who_and_when,99c9cc74-fdc8-46c6-8f8d-3ce2d3bfeea3,The Culinary_Expert incorrectly included 'salt' as an ingredient and misinterpreted 'fresh strawberries' as 'ripe strawberries' from the transcription.,misinterpretation,3,The Culinary_Expert incorrectly included 'salt' as an ingredient and misinterpreted 'fresh strawberr
who_and_when,56137764-b4e0-45b8-9c52-1866420c3df5,The expert directly reached a conclusion without further verifying the search results. The OpenCV contribution list is incomplete.,unclassified,3,The expert directly reached a conclusion without further verifying the search results. The OpenCV co
who_and_when,3f57289b-8c60-48be-bd80-01f8099ca449,Give the wrong final answer and directly reach an incorrect conclusion.,unclassified,8,Give the wrong final answer and directly reach an incorrect conclusion.
who_and_when,87c610df-bef7-4932-b950-1d83ef4e282b,The agent made an error in identifying the first place mentioned by name in the Book of Esther (NIV). It incorrectly identified 'Susa' as the first place mentioned.,unclassified,1,The agent made an error in identifying the first place mentioned by name in the Book of Esther (NIV)
who_and_when,14569e28-c88c-43e4-8c32-097d35b9a67d,The question is not related to Python. He misunderstood the problem and failed to solve it.,unclassified,0,The question is not related to Python. He misunderstood the problem and failed to solve it.
who_and_when,7a4a336d-dcfa-45a0-b014-824c7619e8de,Using YouTube tools is more appropriate.,unclassified,1,Using YouTube tools is more appropriate.
who_and_when,291b53e665b4dd4365cde995042db4a6f6fecef3fe3a6f4482f23d61bd673918,The assistant provides an incorrect plan in response to an inaccurate question.,unclassified,0,The assistant provides an incorrect plan in response to an inaccurate question.
who_and_when,e2dc3a6b10b762e8aba7fa4d4e70f757f6d04dcbc8b56c48fc53fd9928d31d07,"The expert uses placeholders in the code to fetch data from an API, resulting in errors due to missing actual values.",hallucination,4,"The expert uses placeholders in the code to fetch data from an API, resulting in errors due to missi"
who_and_when,4d51c4bf-4b0e-4f3d-897b-3f6687a7d9f2,"The code failed to handle edge cases in the 'Street Address' data, leading to an incomplete and inaccurate count of even-numbered addresses.",unclassified,0,"The code failed to handle edge cases in the 'Street Address' data, leading to an incomplete and inac"
who_and_when,624cbf11-6a41-4692-af9c-36b3e5ca3130,"Incorrectly identified the background headstone in the photo of Dastardly Mash as Crème Brulee, leading to the extraction of the wrong last line of the rhyme.",unclassified,6,"Incorrectly identified the background headstone in the photo of Dastardly Mash as Crème Brulee, lead"
who_and_when,08c0b6e9-1b43-4c2e-ae55-4e3fce2c2715,The experts provide factual inaccuracies.,unclassified,4,The experts provide factual inaccuracies.
who_and_when,6f224e7730ed027cbac73aebb1aea7f954053082041b02b19f4ff126a0a8a208,The code is incorrect because it did not import the perform_web_search function.,code_error,8,The code is incorrect because it did not import the perform_web_search function.
who_and_when,cca4776df3c73e7f9430a2e624aafad056b14322a0b7ca6c0c22b7e7f3f0890a,The expert should continue examining the search results for the remaining board members to finalize the findings.,unclassified,8,The expert should continue examining the search results for the remaining board members to finalize 
who_and_when,076c8171-9b3b-49b9-a477-244d2a532826,The code is incorrect because it attempts to extract columns that do not exist.,code_error,3,The code is incorrect because it attempts to extract columns that do not exist.
who_and_when,8e867cd7-cff9-4e6c-867a-ff5ddc2550be,"The agent wrote incorrect code twice, exhausting the interaction limits.",code_error,6,"The agent wrote incorrect code twice, exhausting the interaction limits."
who_and_when,c714ab3a-da30-4603-bacd-d008800188b9,"The agent made a logical error in reasoning about scenario 2. If there is at least one vampire, then the statement 'At least one of us is a human,' made by vampires, would be true and would lead to a contradiction.",unclassified,1,"The agent made a logical error in reasoning about scenario 2. If there is at least one vampire, then"
who_and_when,9d191bce-651d-4746-be2d-7ef8ecadb9c2,The code is wrong,code_error,1,The code is wrong
who_and_when,cf106601-ab4f-4af9-b045-5295fe67b37d,The agent starts by generating a simulated dataset and then processes the data to identify the country with the least number of athletes. It should search the web for real historical data.,unclassified,2,The agent starts by generating a simulated dataset and then processes the data to identify the count
who_and_when,72e110e7-464c-453c-a309-90a95aed6538,The code is not appropriate for the task.,code_error,0,The code is not appropriate for the task.
who_and_when,c8b7e059-c60d-472e-ad64-3b04ae1166dc,"The agent should use Python to obtain the website content and extract the chapter numbers quoted in the titles of the paintings. Instead, it is suggested to manually extract the chapter numbers from the painting titles.",unclassified,5,The agent should use Python to obtain the website content and extract the chapter numbers quoted in 
who_and_when,0e9e85b8-52b9-4de4-b402-5f635ab9631f,"The code provided by DataVerification_Expert is not working, resulting in the failure of execution.",code_error,8,"The code provided by DataVerification_Expert is not working, resulting in the failure of execution."
who_and_when,a7feb290-76bb-4cb7-8800-7edaf7954f2f,The Verification_Expert provided incorrect code to solve the task.,code_error,1,The Verification_Expert provided incorrect code to solve the task.
who_and_when,db4fd70a-2d37-40ea-873f-9433dc5e301f,The agent uses its internal knowledge to list the stops on the Franklin-Foxboro line instead of searching for the most accurate and up-to-date information available as of May 2023.,unclassified,1,The agent uses its internal knowledge to list the stops on the Franklin-Foxboro line instead of sear
who_and_when,04a04a9b-226c-43fd-b319-d5e89743676f,"The agent makes an incorrect assumption that the total number of articles is 1,000. However, the exact number of articles published by Nature in 2020 is not provided in the question. The agent should have used the exact number of articles to accurately calculate the number of incorrect papers.",factual_error,1,"The agent makes an incorrect assumption that the total number of articles is 1,000. However, the exa"
who_and_when,73c1b9fe-ee1d-4cf4-96ca-35c08f97b054,The code provided by SpeciesSightingsData_Expert is incorrect.,code_error,1,The code provided by SpeciesSightingsData_Expert is incorrect.
who_and_when,05407167-39ec-4d3a-a234-73a9120c325d,The code is incorrect for the task.,code_error,1,The code is incorrect for the task.
who_and_when,4b6bb5f7-f634-410e-815d-e673ab7f8632,"The expert provided the setting as 'INT. CASTLE BEDROOM' instead of the correct setting, 'THE CASTLE.'",unclassified,1,"The expert provided the setting as 'INT. CASTLE BEDROOM' instead of the correct setting, 'THE CASTLE"
who_and_when,65da0822-a48a-4a68-bbad-8ed1b835a834,"The task description and focus were unrelated to the actual question of identifying cities based on university locations. The debugging effort focused on an irrelevant issue, diverting attention from solving the actual task.",unclassified,0,The task description and focus were unrelated to the actual question of identifying cities based on 
who_and_when,929b45f34805280d77c61d1e093e3d4e551d77ddb6ecd73552b12b1af286388d,"The verification process is incorrect. It should provide the most relevant link; instead, it provides a summary of the search results.",unclassified,6,"The verification process is incorrect. It should provide the most relevant link; instead, it provide"
who_and_when,cffe0e32-c9a6-4c52-9877-78ceb4aaa9fb,"The expert should not use OCR, and analyzing data is not the responsibility of the Validation_Expert, leading to the exhaustion of step limits.",resource_abuse,2,"The expert should not use OCR, and analyzing data is not the responsibility of the Validation_Expert"
who_and_when,2aa5dd83fbcd0dce9a3dd4592106e5b5edf738008d932e357d477bba80e59ccf,"The Verification_Expert does not question the 0% result, which is highly unusual. It should take responsibility for further verifying the outcome and raising concerns with other agents.",unclassified,8,"The Verification_Expert does not question the 0% result, which is highly unusual. It should take res"
who_and_when,6359a0b1-8f7b-499b-9336-840f9ab90688,The agent incorrectly assumed the polygon to be a regular hexagon.,unclassified,6,The agent incorrectly assumed the polygon to be a regular hexagon.
who_and_when,a9074997e698f912b9e751779ea19c1e92fa148404e90e0ae997acea3f9559b0,"The Verification_Expert generates an inaccurate summary of the search results and overlooks the original query, which specifies that the recommendation must come from at least three different individuals with children. By failing to consider children as a prerequisite, this oversight ultimately results in the failure of the task.",unclassified,5,The Verification_Expert generates an inaccurate summary of the search results and overlooks the orig
who_and_when,e6bc98089608217e45b6956a46518fe3cce64a799b3ac43c6974c449ae14c408,"The information provided initially is incorrect, leading to an incorrect conclusion.",unclassified,0,"The information provided initially is incorrect, leading to an incorrect conclusion."
who_and_when,c61d22de-5f6c-4958-a7f6-5e9707bd3466,"The agent begins using placeholder values in the code, which results in failure.",hallucination,4,"The agent begins using placeholder values in the code, which results in failure."
who_and_when,7619a514-5fa8-43ef-9143-83b66a43d7a4,The time of the oldest closed issue is not the same as the time when the 'Regression' label was added to the issue. The agent should have retrieved the event when the label was added to determine the correct date.,tool_web_failure,8,The time of the oldest closed issue is not the same as the time when the 'Regression' label was adde
who_and_when,b4cc024b-3f5e-480e-b96a-6656493255b5,"The code provided by MilitaryHistory_Expert is unreasonable, as it is overly hasty. He should investigate step by step instead of attempting to find the solution all at once.",code_error,1,"The code provided by MilitaryHistory_Expert is unreasonable, as it is overly hasty. He should invest"
who_and_when,114d5fd0-e2ae-4b6d-a65a-870da2d19c08,"While obtaining the web link, the expert should download the PDF file and extract the corresponding text. They should not rely on web search to locate specific content within the book.",unclassified,8,"While obtaining the web link, the expert should download the PDF file and extract the corresponding "
who_and_when,ad2b4d70-9314-4fe6-bfbe-894a45f6055f,The code provided by WebDevelopment_Expert is incorrect.,code_error,1,The code provided by WebDevelopment_Expert is incorrect.
who_and_when,853c8244-429e-46ca-89f2-addf40dfb2bd,The agent fabricates the content of the website and does not actually verify its contents.,hallucination,4,The agent fabricates the content of the website and does not actually verify its contents.
who_and_when,b9763138-c053-4832-9f55-86200cb1f99c,The code is incorrect for the task.,code_error,0,The code is incorrect for the task.
who_and_when,d5141ca5-e7a0-469f-bf3e-e773507c86e2,The answer provided by WebServing_Expert was incorrect.,unclassified,3,The answer provided by WebServing_Expert was incorrect.
who_and_when,9e31099fffa6a3891c94934fd4fc2f3f522d51c1904ff3561f3a10e4bf245821,"The CorporateHistory_IPOs_MondayCom_Expert repeatedly writes incorrect code and provides inaccurate information in step 5, leading to a false conclusion.",resource_abuse,5,The CorporateHistory_IPOs_MondayCom_Expert repeatedly writes incorrect code and provides inaccurate 
who_and_when,32102e3e-d12a-4209-9163-7b3a104efe5d,"The agent made a mistake in handling the NaN values in the 'Platform' column by dropping all NaN values from the DataFrame. As a result, entries with missing 'Platform' values were removed, leading the code to incorrectly report that no Blu-Ray entries were found in the inventory.",unclassified,8,The agent made a mistake in handling the NaN values in the 'Platform' column by dropping all NaN val
who_and_when,c365c1c7-a3db-4d5e-a9a1-66f56eae7865,"The expert made a factual error. The execution result is Braintree, Massachusetts, and Honolulu, Hawaii, rather than Honolulu, Hawaii, and Quincy, Massachusetts.",factual_error,3,"The expert made a factual error. The execution result is Braintree, Massachusetts, and Honolulu, Haw"
who_and_when,f46b4380-207e-4434-820b-f32ce04ae2a4,"According to the answer, the album Tidal by Fiona Apple did not receive a letter grade from Robert Christgau. However, the Music_Critic_Expert stated that the album Tidal received a grade of B from him.",unclassified,1,"According to the answer, the album Tidal by Fiona Apple did not receive a letter grade from Robert C"
who_and_when,df6561b2-7ee5-4540-baab-5095f742716a,"To answer the question, the agent should not make any assumptions.",unclassified,4,"To answer the question, the agent should not make any assumptions."
who_and_when,54612da3-fd56-4941-80f4-5eb82330de25,"The agent made a mistake in calculating the total number of wheels for the steam locomotives. The Whyte notation directly represents the number of leading, driving, and trailing wheels on one side of the locomotive. Therefore, the total number of wheels is simply the sum of these numbers, not the sum multiplied by 2.",unclassified,4,The agent made a mistake in calculating the total number of wheels for the steam locomotives. The Wh
who_and_when,8f80e01c-1296-4371-9486-bb3d68651a60,The expert fails to view the image and hallucinates the notes.,hallucination,5,The expert fails to view the image and hallucinates the notes.
who_and_when,65afbc8a-89ca-4ad5-8d62-355bb401f61d,"The agent writes code using pandas, which cannot handle the color data in the Excel file. As a result, the code fails to retrieve the color information from the final position.",tool_web_failure,4,"The agent writes code using pandas, which cannot handle the color data in the Excel file. As a resul"
who_and_when,0b260a57-3f3a-4405-9f29-6d7a1012dbfb,"The data provided by the Data_Collection_Expert for the reference works in Life Science and Health Sciences is incorrect or hypothetical, leading to an incorrect calculation of standard deviations and their difference.",unclassified,1,The data provided by the Data_Collection_Expert for the reference works in Life Science and Health S
who_and_when,1f975693-876d-457b-a649-393859e79bf3,The steps to solve this question are completely irrelevant to the question.,unclassified,0,The steps to solve this question are completely irrelevant to the question.
who_and_when,1dcc160f-c187-48c2-b68e-319bd4354f3d,"The expert wrote code with bugs multiple times, leading to the exhaustion of the step limits.",resource_abuse,1,"The expert wrote code with bugs multiple times, leading to the exhaustion of the step limits."
who_and_when,57d9dc6935e8a40b02e7f8ec81768fe70e68a0c05f6866927c9fda38db38a486,The Tickets_Pricing_Expert provides incorrect ticket prices. The expert should take the necessary steps to obtain accurate information. These inaccuracies result in the failure of subsequent processes.,unclassified,2,The Tickets_Pricing_Expert provides incorrect ticket prices. The expert should take the necessary st
who_and_when,23dd907f-1261-4488-b21c-e9185af91d5e,The agent begins providing the full text of the poem without retrieving the text and formatting from websites.,unclassified,7,The agent begins providing the full text of the poem without retrieving the text and formatting from
who_and_when,748899d9d70c09beb3bd48ac8a3658bdcfd2f9114fe6dc4c4b8d2f9541ef4607,The assistant provides an incorrect plan in response to an incorrect question.,unclassified,0,The assistant provides an incorrect plan in response to an incorrect question.
who_and_when,305ac316-eef6-4446-960a-92d80d542f82,The agent provide the wrong name of the actor,unclassified,2,The agent provide the wrong name of the actor
who_and_when,f2feb6a4-363c-4c09-a804-0db564eafd68,"The price provided by HawaiiRealEstate_Expert is incorrect, causing the error to propagate through subsequent steps to the final output.",unclassified,2,"The price provided by HawaiiRealEstate_Expert is incorrect, causing the error to propagate through s"
who_and_when,0bdb7c40-671d-4ad1-9ce3-986b159c0ddc,The experts incorrectly present the problems.,unclassified,0,The experts incorrectly present the problems.
who_and_when,e8cb5b03-41e0-4086-99e5-f6806cd97211,The code provided by WaybackMachine_Expert is not reasonable.,code_error,1,The code provided by WaybackMachine_Expert is not reasonable.
who_and_when,9bdca8677af1e25cb7b0c7992dc62670c3e58e4afcd5ae60bcaa2483556bba00,The code provided by the Debugging_Expert is incorrect and unrelated to the task.,code_error,1,The code provided by the Debugging_Expert is incorrect and unrelated to the task.
who_and_when,a26649c6-1cb2-470a-871e-6910c64c3e53,"The expert didn't import the necessary tables, leading to the exhaustion of the step limits.",resource_abuse,1,"The expert didn't import the necessary tables, leading to the exhaustion of the step limits."
who_and_when,840bfca7-4f7b-481a-8794-c560c340185d,The WebServing_Expert failed to retrieve useful information from the paper link.,tool_web_failure,5,The WebServing_Expert failed to retrieve useful information from the paper link.
who_and_when,dc22a632-937f-4e6a-b72f-ba0ff3f5ff97,The agent is approaching the task in the wrong direction. It failed to locate the restaurant's name.,orchestration_failure,2,The agent is approaching the task in the wrong direction. It failed to locate the restaurant's name.
who_and_when,16d825ff-1623-4176-a5b5-42e0f5c2b0ac,"To solve this problem, a web search approach should be used, as there are no attached files for this task. The error occurred because the required tool was not invoked.",unclassified,0,"To solve this problem, a web search approach should be used, as there are no attached files for this"
who_and_when,e0c10771-d627-4fd7-9694-05348e54ee36,The answer provided by Verification_Expert was incorrect.,unclassified,1,The answer provided by Verification_Expert was incorrect.
who_and_when,851e570a-e3de-4d84-bcfa-cc85578baa59,The DFS algorithm is not correctly exploring the possible words on the Boggle board.,unclassified,6,The DFS algorithm is not correctly exploring the possible words on the Boggle board.
who_and_when,a0068077-79f4-461a-adfe-75c1a4148545,The answer provided by Clinical_Trial_Data_Analysis_Expert was incorrect.,unclassified,5,The answer provided by Clinical_Trial_Data_Analysis_Expert was incorrect.
who_and_when,65638e28-7f37-4fa7-b7b9-8c19bb609879,"The expert should not suggest manual inspection. Instead, they should use relevant tools or methods to extract the required information. Additionally, too many incorrect codes are being suggested.",code_error,9,"The expert should not suggest manual inspection. Instead, they should use relevant tools or methods "
who_and_when,797f7a5b65ca28b7e7156e7db1e9f117bd4a021de0cd512bfdbb0be897d89eab,"The Vegan_Food_Expert provides information directly without taking the necessary actions, resulting in incorrect information being provided.",factual_error,8,"The Vegan_Food_Expert provides information directly without taking the necessary actions, resulting "
who_and_when,4fc2f1ae-8625-45b5-ab34-ad4433bc21f8,The code provided by WikipediaHistory_Expert is incorrect and does not return any useful results.,code_error,2,The code provided by WikipediaHistory_Expert is incorrect and does not return any useful results.
who_and_when,a56f1527-3abf-41d6-91f8-7296d6336c3f,The expert doesn't take any action to analyze the image but directly reaches the conclusion that the background is the Eiffel Tower.,unclassified,5,The expert doesn't take any action to analyze the image but directly reaches the conclusion that the
who_and_when,42d4198c-5895-4f0a-b0c0-424a66465d83,The agent wrote incorrect code and obtained the wrong result.,code_error,3,The agent wrote incorrect code and obtained the wrong result.
who_and_when,17b5a6a3-bc87-42e8-b0fb-6ab0781ef2cc,GIS_DataAnalysis_Expert did not directly access the USGS database to verify the ZIP codes. The expert should have independently verified the ZIP codes using the USGS database to ensure the accuracy of the findings.,unclassified,1,GIS_DataAnalysis_Expert did not directly access the USGS database to verify the ZIP codes. The exper
who_and_when,2ddae3b7a208e3c25f14d82d7a1faaaa1832fbf950b4dac345e755c4c361f294,"The DataAnalysis_Expert generates data to answer the user's question, which is not the correct approach to solving the problem.",unclassified,7,"The DataAnalysis_Expert generates data to answer the user's question, which is not the correct appro"
who_and_when,3cef3a44-215e-4aed-8e3b-b1e3f08063b7,"The task description is not well aligned with the question, causing the subsequent steps to deviate from the correct direction and leading to an inaccurate or irrelevant resolution.",unclassified,0,"The task description is not well aligned with the question, causing the subsequent steps to deviate "
who_and_when,d0633230-7067-47a9-9dbf-ee11e0a2cdd6,"The expert incorrectly identified BaseBagging as the predictor base command that received a bug fix, when, according to the ground truth, it should have been BaseLabelPropagation.",code_error,1,"The expert incorrectly identified BaseBagging as the predictor base command that received a bug fix,"
who_and_when,c7afe00869f98cf363fd83677ac41757ed5e57f03eacc3d1304feb0a92084bd1,The Movie_Expert provides an incorrect list of Daniel Craig movies with a duration of less than 150 minutes. The expert should take the necessary steps to obtain accurate information. These inaccuracies result in the failure of subsequent processes and exhaust the step limit.,resource_abuse,2,The Movie_Expert provides an incorrect list of Daniel Craig movies with a duration of less than 150 
who_and_when,6b078778-0b90-464d-83f6-59511c811b01,The code is incorrect because it does not import the necessary Python packages.,code_error,3,The code is incorrect because it does not import the necessary Python packages.
who_and_when,5188369a-3bbe-43d8-8b94-11558f909a08,The code provided by MerriamWebsterWordOfTheDay_Historian_Expert is incorrect. Executing the code did not return the correct information.,code_error,4,The code provided by MerriamWebsterWordOfTheDay_Historian_Expert is incorrect. Executing the code di
who_and_when,e4e91f1c-1dcd-439e-9fdd-cb976f5293fd,"The expert provided incorrect text in the in-line citation, leading to an error in the comparison. The correct word in the citation that does not match is 'cloak.'",unclassified,2,"The expert provided incorrect text in the in-line citation, leading to an error in the comparison. T"
who_and_when,e142056d-56ab-4352-b091-b56054bd1359,"The calculation incorrectly assumes that Bob's guesses will always match the number of coins in each box, guaranteeing maximum winnings of $30,000. The task specifically asks for the minimum amount Bob can win under an optimal strategy, which requires considering the worst-case scenario.",unclassified,1,The calculation incorrectly assumes that Bob's guesses will always match the number of coins in each
who_and_when,71345b0a-9c7d-4b50-b2bf-937ec5879845,"The agent should review the page history of the Wikipedia article to obtain the information. Instead, it initiated a search on Bing.",unclassified,8,The agent should review the page history of the Wikipedia article to obtain the information. Instead
who_and_when,5f982798-16b9-4051-ab57-cfc7ebdb2a91,"WebSurfer's inability to reliably access the requested documents resulted in the overall task failure, as the necessary time span data could not be extracted or compared. This underscores the need for enhanced fallback mechanisms and more robust search strategies.",tool_web_failure,3,WebSurfer's inability to reliably access the requested documents resulted in the overall task failur
who_and_when,c7afe00869f98cf363fd83677ac41757ed5e57f03eacc3d1304feb0a92084bd1,"The Orchestrator should instruct WebSurfer to collect the full list of Daniel Craig's movies on IMDb. Instead, it only displayed 18% of the page, leading the Orchestrator to incorrectly conclude that the movie list was complete.",orchestration_failure,9,The Orchestrator should instruct WebSurfer to collect the full list of Daniel Craig's movies on IMDb
who_and_when,ebbc1f13-d24d-40df-9068-adcf735b4240,"WebSurfer misinterpreted or failed to retrieve the correct Latin root, leading to confusion in identifying the related Spanish word, thereby derailing subsequent steps.",tool_web_failure,8,"WebSurfer misinterpreted or failed to retrieve the correct Latin root, leading to confusion in ident"
who_and_when,52f7224e9c79431e7926afe317782711a0028750693e7456cde22ef6f4bd8bd5,"The Orchestrator should let the Websurfer scroll down to check more movies. Moreover, there are search filters for keywords related to the runtime of the movie, but the agent fails to recognize based on the OCR. This can be achieved by scrolling down to explore further the page.",orchestration_failure,15,"The Orchestrator should let the Websurfer scroll down to check more movies. Moreover, there are sear"
who_and_when,3af8028c2a59e28ca88baff0e6d91f2a9f170c5ef91003f1c8406755a2760ad4,"WebSurfer's query is not concise enough to retrieve complete information to answer the original question, which leads to reaching the maximum time limit.",tool_web_failure,12,WebSurfer's query is not concise enough to retrieve complete information to answer the original ques
who_and_when,e6bc98089608217e45b6956a46518fe3cce64a799b3ac43c6974c449ae14c408,The agent does not verify the information and check whether the highest price of the house is located at Mission Bay. The search result is not accurate.,unclassified,5,The agent does not verify the information and check whether the highest price of the house is locate
who_and_when,a1e91b78-d3d8-4675-bb8d-62741b4b68a6,"The WebSurfer directly reaches a conclusion without performing the correct actions, such as taking a screenshot and extracting the bird species.",tool_web_failure,8,"The WebSurfer directly reaches a conclusion without performing the correct actions, such as taking a"
who_and_when,08cae58d-4084-4616-b6dd-dd6534e4825b,"The page retrieved by WebSurfer does not provide relevant information to address the question, causing the Orchestrator to rely on its own assumptions and make a guess.",orchestration_failure,4,"The page retrieved by WebSurfer does not provide relevant information to address the question, causi"
who_and_when,ccec2229ced20a4b0cb4897e3a99120a3017ea030903e01c9bda6b13d40b0b14,WebSurfer did not retrieve a list of eateries near Harkness Memorial State Park sorted by distance and operating hours. The keyword it entered was insufficient.,tool_web_failure,8,WebSurfer did not retrieve a list of eateries near Harkness Memorial State Park sorted by distance a
who_and_when,6b06d186921b8b390c65aebd0d16f09f60a47d2f1288ebe36953f734e84c0a3c,"WebSurfer makes two mistakes in this step, leading to failure. 1. It does not include the '2+ bathrooms' criterion in the search, resulting in invalid results. 2. It directly reaches a wrong conclusion by using intermediate search results.",tool_web_failure,16,"WebSurfer makes two mistakes in this step, leading to failure. 1. It does not include the '2+ bathro"
who_and_when,8b3379c0-0981-4f5b-8407-6444610cb212,The key word should include Monterey Bay Aquarium website.,unclassified,4,The key word should include Monterey Bay Aquarium website.
who_and_when,840bfca7-4f7b-481a-8794-c560c340185d,"WebSurfer encountered difficulties in locating and accessing the acknowledgment section of the paper, causing a delay in identifying the NASA award number associated with R.G. Arendt.",tool_web_failure,4,WebSurfer encountered difficulties in locating and accessing the acknowledgment section of the paper
who_and_when,0a3cd321-3e76-4622-911b-0fda2e5d6b1a,The Orchestrator writes incorrect code.,orchestration_failure,51,The Orchestrator writes incorrect code.
who_and_when,8ad84bd6fe38481ba49e7ad1f6fbd43219a999074e5c6fc940003281f55ec65b,"The Orchestrator should not directly decide to check other criteria. In fact, WebSurfer did not provide a full list of supermarkets in the previous step.",orchestration_failure,9,"The Orchestrator should not directly decide to check other criteria. In fact, WebSurfer did not prov"
who_and_when,1f975693-876d-457b-a649-393859e79bf3,"The agent should provide a transcription of the audio file to extract the page numbers, but it failed to transcribe the audio.",unclassified,5,"The agent should provide a transcription of the audio file to extract the page numbers, but it faile"
who_and_when,114d5fd0-e2ae-4b6d-a65a-870da2d19c08,FileSurfer didn't correctly extract the relevant information but directly gave a wrong answer.,tool_web_failure,32,FileSurfer didn't correctly extract the relevant information but directly gave a wrong answer.
who_and_when,2ddae3b7a208e3c25f14d82d7a1faaaa1832fbf950b4dac345e755c4c361f294,"Assistant naviagtes the agents group to a wrong direction - contacting the offices for the result. Instead, the agents should solve the problems by themselves.",orchestration_failure,82,Assistant naviagtes the agents group to a wrong direction - contacting the offices for the result. I
who_and_when,0ec4371851b96837b0a81b3dd3df401415061bb532fbafeb4609f3337c358508,"The list of gyms within 5 miles of 400 Main Street, Point Pleasant, WV 25550 is actually not shown in full at step 8. The Orchestrator then decides to search them one by one but does not confirm whether the list is complete.",orchestration_failure,9,"The list of gyms within 5 miles of 400 Main Street, Point Pleasant, WV 25550 is actually not shown i"
who_and_when,5d0080cb-90d7-4712-bc33-848150e917d3,WebSurfer failed to locate the specific volume in the University of Leicester paper due to incomplete data retrieval from the journal's website and insufficient progress in analyzing the full PDF.,tool_web_failure,4,WebSurfer failed to locate the specific volume in the University of Leicester paper due to incomplet
who_and_when,6e3be83d1949fa52cba03fb1ce4b5b3bf7e37a83fd7d67694b10b2e439d90cf8,WebSurfer clicks on an irrelevant website and disrupts the task-solving process.,tool_web_failure,12,WebSurfer clicks on an irrelevant website and disrupts the task-solving process.
who_and_when,797f7a5b65ca28b7e7156e7db1e9f117bd4a021de0cd512bfdbb0be897d89eab,The information it obtains is incorrect.,unclassified,5,The information it obtains is incorrect.
who_and_when,624cbf11-6a41-4692-af9c-36b3e5ca3130,The agent should recognize that the website has clickable and expandable tabs containing the full rhyme for each flavor.,unclassified,24,The agent should recognize that the website has clickable and expandable tabs containing the full rh
who_and_when,16d825ff-1623-4176-a5b5-42e0f5c2b0ac,"The search tool does not return the desired information regarding the passenger count of each train in 2019. Therefore, the train with the highest number of passengers and its scheduled arrival time at Pompano Beach cannot be determined.",unclassified,32,The search tool does not return the desired information regarding the passenger count of each train 
who_and_when,55f4258484c5b398956133128a50462a767da211f8f72aa5ac5bbffb9bcbba1a,The information obtained by WebSurfer is neither reliable nor satisfies the requirements of the Orchestrator.,orchestration_failure,4,The information obtained by WebSurfer is neither reliable nor satisfies the requirements of the Orch
who_and_when,557e78eceec08ca8b0da5f9fdaca6e1c7ec6140a8ce600983ee716327dab005e,The searching result is wrong.,unclassified,8,The searching result is wrong.
who_and_when,72c06643-a2fa-4186-aa5c-9ec33ae9b445,The assistant agent makes calculations with factual errors. The density of liquid Freon-12 under the required conditions is not provided. The calculation is based on an approximation of the density.,factual_error,51,The assistant agent makes calculations with factual errors. The density of liquid Freon-12 under the
who_and_when,2dfc4c37-fec1-4518-84a7-10095d30ad75,"When listing the top 10 domestic movies, the assistant omitted 'Demon Slayer: Kimetsu no Yaiba - The Movie: Mugen Train' and included 'Wonder Woman 1984' instead. This led to an incorrect count of common movies between the two lists.",unclassified,16,"When listing the top 10 domestic movies, the assistant omitted 'Demon Slayer: Kimetsu no Yaiba - The"
who_and_when,a3fbeb63-0e8c-4a11-bff6-0e3b484c3e9c,The Orchestrator encountered an error while processing the data.,orchestration_failure,20,The Orchestrator encountered an error while processing the data.
who_and_when,929b45f34805280d77c61d1e093e3d4e551d77ddb6ecd73552b12b1af286388d,It provides incorrect instructions.,unclassified,6,It provides incorrect instructions.
who_and_when,42576abe-0deb-4869-8c63-225c2d75a95a,The Orchestrator made an error when performing the translation.,orchestration_failure,1,The Orchestrator made an error when performing the translation.
who_and_when,14569e28-c88c-43e4-8c32-097d35b9a67d,The reasoning process is wrong.,unclassified,12,The reasoning process is wrong.
who_and_when,2aa5dd83fbcd0dce9a3dd4592106e5b5edf738008d932e357d477bba80e59ccf,The agent didn't find enough information to answer the question but directly gave the answer.,unclassified,4,The agent didn't find enough information to answer the question but directly gave the answer.
who_and_when,42d4198c-5895-4f0a-b0c0-424a66465d83,The Orchestrator should count the total number of revisions. The task has not yet been fully completed.,orchestration_failure,18,The Orchestrator should count the total number of revisions. The task has not yet been fully complet
who_and_when,72e110e7-464c-453c-a309-90a95aed6538,WebSurfer failed to provide useful information and encountered errors during the process.,tool_web_failure,8,WebSurfer failed to provide useful information and encountered errors during the process.
who_and_when,748899d9d70c09beb3bd48ac8a3658bdcfd2f9114fe6dc4c4b8d2f9541ef4607,The retrieved information is not useful.,tool_web_failure,39,The retrieved information is not useful.
who_and_when,9baaa267c95f9d8b75741ee9169c50563d297cfa592c20deaffd30dbc5984c74,"The websurfer did not actually enter the location and click the view. Therefore the website keeps on the same page and the same OCR result. If the location is correctly entered, the website link will change.",tool_web_failure,12,The websurfer did not actually enter the location and click the view. Therefore the website keeps on
who_and_when,b36ef2d8f2643b80e74a44ce3403f674ecb2aed7fd36afeaa289061a59feef92,The search results of WebSurfer did not include the gym 'Avea Pilates' which is near Tompkins Square Park.,tool_web_failure,4,The search results of WebSurfer did not include the gym 'Avea Pilates' which is near Tompkins Square
who_and_when,73c1b9fe-ee1d-4cf4-96ca-35c08f97b054,It did not return anything useful.,unclassified,12,It did not return anything useful.
who_and_when,0a65cb96-cb6e-4a6a-8aae-c1084f613456,The WebSurfer should find the clickable link to the APOD image for the first week of August 2015 and extract the city name from the image's description.,tool_web_failure,32,The WebSurfer should find the clickable link to the APOD image for the first week of August 2015 and
who_and_when,56137764-b4e0-45b8-9c52-1866420c3df5,"WebSurfer returned general and unrelated information due to poorly refined queries and failed to identify the specific version of OpenCV where Mask-RCNN support was added. This failure caused subsequent steps to proceed based on incorrect or incomplete data, leading to the wrong final answer.",tool_web_failure,8,WebSurfer returned general and unrelated information due to poorly refined queries and failed to ide
who_and_when,9e31099fffa6a3891c94934fd4fc2f3f522d51c1904ff3561f3a10e4bf245821,The WebSurfer does not click on useful information.,tool_web_failure,8,The WebSurfer does not click on useful information.
who_and_when,b816bfce-3d80-4913-a07d-69b752ce6377,"FileSurfer failed to access the article due to a 404 File Not Found error, leading to an incorrect guess (tricksy) instead of the correct word (fluffy) ",tool_web_failure,4,"FileSurfer failed to access the article due to a 404 File Not Found error, leading to an incorrect g"
who_and_when,57d9dc6935e8a40b02e7f8ec81768fe70e68a0c05f6866927c9fda38db38a486,There is no membership information.,unclassified,16,There is no membership information.
who_and_when,a9074997e698f912b9e751779ea19c1e92fa148404e90e0ae997acea3f9559b0,"The Orchestrator should instruct WebSurfer to search for hikes on TripAdvisor to verify the ratings and review counts, instead of merely searching the web.",orchestration_failure,3,The Orchestrator should instruct WebSurfer to search for hikes on TripAdvisor to verify the ratings 
who_and_when,f88066d274e265edd6cd9d61cd80a41accb3a14baf2297652fdd05cdf716d455,"The WebSurfer should visit TripAdvisor pages for specific trails to verify the number of reviews, average rating, instead it over relys on search results.",tool_web_failure,8,"The WebSurfer should visit TripAdvisor pages for specific trails to verify the number of reviews, av"
who_and_when,cca4776df3c73e7f9430a2e624aafad056b14322a0b7ca6c0c22b7e7f3f0890a,"The Orchestrator should instruct WebSurfer to search for the professional history of each board member to determine whether they held C-suite positions before joining Apple's Board. Instead, it repeatedly instructs WebSurfer to scroll on the same page.",resource_abuse,18,The Orchestrator should instruct WebSurfer to search for the professional history of each board memb
who_and_when,8d46b8d6-b38a-47ff-ac74-cda14cf2d19b,The code is wrong.,code_error,14,The code is wrong.
who_and_when,db4fd70a-2d37-40ea-873f-9433dc5e301f,The caculation is wrong.,unclassified,12,The caculation is wrong.
who_and_when,7673d772-ef80-4f0f-a602-1bf4485c9b43,The Orchestrator should not directly draw a conclusion if enough information has not been gathered to answer the query. It should replan to address the query.,orchestration_failure,29,The Orchestrator should not directly draw a conclusion if enough information has not been gathered t
who_and_when,efc0f3a47e9ed2ecdbcc037c2093865fe6e39f4d413a5d1ccdc7357160a4606b,"WebSurfer should refer to the list of funds on Fidelity's official website to find the correct answer and should not rely on third-party websites, which may lack comprehensive information.",tool_web_failure,8,WebSurfer should refer to the list of funds on Fidelity's official website to find the correct answe
who_and_when,a0c07678-e491-4bbc-8f0b-07405144218f,"The agent provides information about the current roster, but the question asks for the roster as of July 2023. THe agent should search for the roster of Hokkaido Nippon-Ham Fighters in 2023.",unclassified,24,"The agent provides information about the current roster, but the question asks for the roster as of "
who_and_when,ed58682d-bc52-4baa-9eb0-4eb81e1edacc,The WebSurfer did not provide the correct OCR text for the lyrics of the song 'Human Nature' by Michael Jackson in the bing search results.,tool_web_failure,12,The WebSurfer did not provide the correct OCR text for the lyrics of the song 'Human Nature' by Mich
who_and_when,291b53e665b4dd4365cde995042db4a6f6fecef3fe3a6f4482f23d61bd673918,The instrcution is wrong.,unclassified,30,The instrcution is wrong.
who_and_when,6f224e7730ed027cbac73aebb1aea7f954053082041b02b19f4ff126a0a8a208,"The Orchestrator should not decide to replan. WebSurfer has already triggered the button for 2020, but the Orchestrator did not give it a chance to click.",orchestration_failure,50,"The Orchestrator should not decide to replan. WebSurfer has already triggered the button for 2020, b"
who_and_when,7619a514-5fa8-43ef-9143-83b66a43d7a4,It failed to extract useful information from the Issue page.,unclassified,22,It failed to extract useful information from the Issue page.
who_and_when,9bdca8677af1e25cb7b0c7992dc62670c3e58e4afcd5ae60bcaa2483556bba00,The WebSurfer did not return the useful information needed to answer the question.,tool_web_failure,8,The WebSurfer did not return the useful information needed to answer the question.
who_and_when,e2d69698-bc99-4e85-9880-67eaccd66e6c,"The Orchestrator should not replan. The answer is in the previous step, while it should try to verify the birthdate of the provided winners one by one.",orchestration_failure,25,"The Orchestrator should not replan. The answer is in the previous step, while it should try to verif"
who_and_when,4dbedc5e1a0205e14b7ff3ba89bce3060dab15d0ada3b7e1351a6f2aa8287aec,"WebSurfer's OCR did not correctly extract the required information (the prices of daily and season passes), leading the Orchestrator to think that the required information is not on the current page, when in fact it is.",orchestration_failure,12,WebSurfer's OCR did not correctly extract the required information (the prices of daily and season p
